,Fecha,Número de vistas de página,Usuarios nuevos,Usuarios,Número de sesiones por usuario,Sesiones,Argentina,Otros Paises,mobile,desktop,tablet,Categoría de dispositivo promedio,Categoría de dispositivo std,Android,Windows,iOS,Macintosh,Linux,Tizen,Windows Phone,Sistema operativo (not set),Sistema operativo promedio,Sistema operativo std,Organic Search,Direct,Socials,Referral,Agrupación de canales predeterminada promedio,Agrupación de canales predeterminada std
0,14 jun 2022,38,23,23,1.173913043478261,27,37,1,30,8,0,12.666666666666664,12.684198393626964,30,8,0,0,0,0,0,0,4.222222222222221,9.449018500208576,19.0,15.0,3.0,1.0,9.5,7.664854858377947
1,15 jun 2022,35,22,23,1.0434782608695652,24,33,2,21,14,0,11.666666666666664,8.73053390247253,18,14,3,0,0,0,0,0,3.888888888888889,6.607141665474889,8.0,26.0,1.0,0.0,8.75,10.425329730996523
2,16 jun 2022,46,16,21,1.1428571428571428,24,41,5,37,9,0,15.333333333333336,15.755069730795295,36,7,1,2,0,0,0,0,5.111111111111111,11.129983971681025,11.0,22.0,13.0,0.0,11.5,7.826237921249263
3,17 jun 2022,32,10,13,1.0769230769230769,14,26,6,20,12,0,10.666666666666666,8.219218670625303,20,12,0,0,0,0,0,0,3.555555555555556,6.913932971601797,7.0,23.0,2.0,0.0,8.0,9.027735042633894
4,18 jun 2022,15,9,10,1.0,10,14,1,8,7,0,5.0,3.559026084010437,8,7,0,0,0,0,0,0,1.6666666666666667,3.1269438398822853,6.0,9.0,0.0,0.0,3.75,3.897114317029974
5,19 jun 2022,12,6,7,1.0,7,10,2,9,3,0,4.0,3.741657386773941,9,3,0,0,0,0,0,0,1.3333333333333333,2.8674417556808747,10.0,2.0,0.0,0.0,3.0,4.123105625617661
6,20 jun 2022,9,5,6,1.0,6,5,4,2,7,0,3.0,2.943920288775949,2,4,0,3,0,0,0,0,1.0,1.4907119849998598,8.0,1.0,0.0,0.0,2.25,3.344772040064913
7,21 jun 2022,68,36,40,1.125,45,67,1,52,16,0,22.66666666666667,21.746008573733448,51,16,1,0,0,0,0,0,7.5555555555555545,16.139056224032093,9.0,43.0,16.0,0.0,17.0,16.046806535881213
8,22 jun 2022,26,9,13,1.1538461538461535,15,25,1,17,9,0,8.666666666666666,6.944222218666552,14,9,3,0,0,0,0,0,2.888888888888889,4.840671313509326,11.0,12.0,3.0,0.0,6.5,5.123475382979799
9,23 jun 2022,53,21,23,1.3478260869565215,31,46,7,41,12,0,17.666666666666668,17.211107524567446,37,12,4,0,0,0,0,0,5.888888888888888,11.627978179512114,20.0,31.0,2.0,0.0,13.25,12.871965661856
10,24 jun 2022,21,10,13,1.0769230769230769,14,19,2,11,10,0,7.0,4.966554808583781,11,10,0,0,0,0,0,0,2.333333333333333,4.371625682868002,9.0,12.0,0.0,0.0,5.25,5.3560713214071365
11,25 jun 2022,34,14,17,1.1764705882352942,20,31,3,17,17,0,11.333333333333336,8.013876853447538,17,17,0,0,0,0,0,0,3.7777777777777777,7.067575063906332,9.0,24.0,1.0,0.0,8.5,9.604686356149273
12,26 jun 2022,9,6,6,1.0,6,6,3,6,3,0,3.0,2.449489742783178,6,3,0,0,0,0,0,0,1.0,2.0,4.0,3.0,0.0,2.0,2.25,1.4790199457749043
13,27 jun 2022,10,5,7,1.4285714285714286,10,8,2,3,7,0,3.333333333333333,2.867441755680876,3,7,0,0,0,0,0,0,1.1111111111111112,2.282515398241572,6.0,4.0,0.0,0.0,2.5,2.598076211353316
14,28 jun 2022,60,30,39,1.1025641025641026,43,58,2,47,13,0,20.0,19.815818596935802,45,13,2,0,0,0,0,0,6.666666666666668,14.134276698076125,19.0,32.0,9.0,0.0,15.0,11.895377253370318
15,29 jun 2022,25,13,18,1.1111111111111112,20,22,3,10,15,0,8.333333333333334,6.236095644623236,10,15,0,0,0,0,0,0,2.7777777777777777,5.328701692569688,16.0,6.0,3.0,0.0,6.25,6.015604707757982
16,30 jun 2022,91,41,50,1.2040816326530612,59,90,1,74,17,0,30.33333333333333,31.647362537114454,61,14,13,1,2,0,0,0,10.111111111111109,18.770215439741786,15.0,58.0,17.0,1.0,22.75,21.26470079733077
17,1 jul 2022,25,14,19,1.1578947368421053,22,18,7,18,7,0,8.333333333333334,7.4087035902976215,18,7,0,0,0,0,0,0,2.7777777777777777,5.807615264609768,11.0,12.0,1.0,1.0,6.25,5.261891294962297
18,2 jul 2022,26,16,16,1.0,16,25,1,20,6,0,8.666666666666666,8.379870059984357,20,6,0,0,0,0,0,0,2.888888888888889,6.332358599455558,9.0,17.0,0.0,0.0,6.5,7.088723439378913
19,3 jul 2022,18,9,9,1.1111111111111112,10,13,5,7,11,0,6.0,4.546060565661952,7,6,0,5,0,0,0,0,2.0,2.867441755680876,8.0,9.0,0.0,1.0,4.5,4.031128874149275
20,4 jul 2022,147,10,14,1.5,21,144,3,5,142,0,49.0,65.79260343432739,5,141,0,0,1,0,0,0,16.333333333333332,44.10341382604197,13.0,134.0,0.0,0.0,36.75,56.397584168118414
21,5 jul 2022,23,8,11,1.2727272727272727,14,21,2,5,17,1,7.666666666666668,6.79869268479038,3,15,3,1,1,0,0,0,2.555555555555556,4.54877544232416,5.0,18.0,0.0,0.0,5.75,7.3612159321677275
22,6 jul 2022,12,9,11,1.0909090909090908,12,11,1,6,6,0,4.0,2.8284271247461903,6,6,0,0,0,0,0,0,1.3333333333333333,2.494438257849294,5.0,6.0,1.0,0.0,3.0,2.549509756796392
23,7 jul 2022,107,65,70,1.2285714285714286,86,103,4,45,61,1,35.666666666666664,25.36839678725393,45,49,1,1,11,0,0,0,11.888888888888891,19.081372210407164,30.0,71.0,6.0,0.0,26.75,27.904972675134445
24,8 jul 2022,26,12,16,1.4375,23,25,1,9,17,0,8.666666666666666,6.944222218666552,6,16,3,0,1,0,0,0,2.888888888888889,5.020943790086667,20.0,6.0,0.0,0.0,6.5,8.170067319184097
25,9 jul 2022,5,4,5,1.0,5,3,2,2,3,0,1.6666666666666667,1.247219128924647,2,3,0,0,0,0,0,0,0.5555555555555556,1.0657403385139381,2.0,3.0,0.0,0.0,1.25,1.299038105676658
26,10 jul 2022,6,2,2,1.0,2,6,0,6,0,0,2.0,2.8284271247461903,6,0,0,0,0,0,0,0,0.6666666666666666,1.8856180831641265,6.0,0.0,0.0,0.0,1.5,2.598076211353316
27,11 jul 2022,1,0,1,1.0,1,1,0,1,0,0,0.3333333333333333,0.4714045207910317,1,0,0,0,0,0,0,0,0.1111111111111111,0.3142696805273545,1.0,0.0,0.0,0.0,0.25,0.4330127018922193
28,12 jul 2022,17,9,9,1.0,9,6,11,5,12,0,5.666666666666668,4.9216076867444665,5,3,0,3,6,0,0,0,1.8888888888888888,2.2825153982415705,9.0,8.0,0.0,0.0,4.25,4.264680527307995
29,13 jul 2022,15,8,9,1.1111111111111112,10,12,3,9,6,0,5.0,3.741657386773941,7,3,2,1,2,0,0,0,1.6666666666666667,2.160246899469287,5.0,10.0,0.0,0.0,3.75,4.14578098794425
30,14 jul 2022,4,2,4,1.0,4,3,1,3,1,0,1.3333333333333333,1.247219128924647,3,0,0,1,0,0,0,0,0.4444444444444444,0.955813918560292,1.0,3.0,0.0,0.0,1.0,1.224744871391589
31,15 jul 2022,1,1,1,1.0,1,0,1,1,0,0,0.3333333333333333,0.4714045207910317,1,0,0,0,0,0,0,0,0.1111111111111111,0.3142696805273545,1.0,0.0,0.0,0.0,0.25,0.4330127018922193
32,16 jul 2022,3,2,3,1.0,3,3,0,0,3,0,1.0,1.4142135623730951,0,3,0,0,0,0,0,0,0.3333333333333333,0.9428090415820632,1.0,2.0,0.0,0.0,0.75,0.82915619758885
33,17 jul 2022,9,6,6,1.1666666666666667,7,6,3,3,6,0,3.0,2.449489742783178,3,6,0,0,0,0,0,0,1.0,2.0,7.0,2.0,0.0,0.0,2.25,2.8613807855648994
34,18 jul 2022,14,4,4,1.0,4,13,1,6,8,0,4.666666666666667,3.39934634239519,0,8,6,0,0,0,0,0,1.5555555555555556,2.9481109247603547,6.0,8.0,0.0,0.0,3.5,3.570714214271425
35,19 jul 2022,6,2,4,1.0,4,5,1,3,3,0,2.0,1.4142135623730951,3,3,0,0,0,0,0,0,0.6666666666666666,1.247219128924647,5.0,1.0,0.0,0.0,1.5,2.0615528128088303
36,20 jul 2022,14,8,8,1.25,10,8,6,8,6,0,4.666666666666667,3.39934634239519,8,5,0,1,0,0,0,0,1.5555555555555556,2.7532248207475263,5.0,9.0,0.0,0.0,3.5,3.7749172176353754
37,21 jul 2022,5,5,5,1.0,5,3,2,5,0,0,1.6666666666666667,2.3570226039551585,4,0,1,0,0,0,0,0,0.5555555555555556,1.2570787221094182,3.0,2.0,0.0,0.0,1.25,1.299038105676658
38,22 jul 2022,10,8,9,1.1111111111111112,10,7,3,2,8,0,3.333333333333333,3.39934634239519,2,6,0,1,1,0,0,0,1.1111111111111112,1.8525924445036743,7.0,2.0,1.0,0.0,2.5,2.6925824035672523
39,23 jul 2022,16,8,8,1.0,8,11,5,10,6,0,5.333333333333333,4.109609335312651,6,6,4,0,0,0,0,0,1.7777777777777777,2.5724082006200497,6.0,10.0,0.0,0.0,4.0,4.242640687119285
40,24 jul 2022,1,1,1,1.0,1,1,0,1,0,0,0.3333333333333333,0.4714045207910317,1,0,0,0,0,0,0,0,0.1111111111111111,0.3142696805273545,0.0,1.0,0.0,0.0,0.25,0.4330127018922193
41,25 jul 2022,12,6,6,1.1666666666666667,7,12,0,6,6,0,4.0,2.8284271247461903,6,6,0,0,0,0,0,0,1.3333333333333333,2.494438257849294,10.0,2.0,0.0,0.0,3.0,4.123105625617661
42,26 jul 2022,2,2,3,1.0,3,1,1,1,1,0,0.6666666666666666,0.4714045207910317,1,1,0,0,0,0,0,0,0.2222222222222222,0.41573970964154905,1.0,1.0,0.0,0.0,0.5,0.5
43,27 jul 2022,14,8,9,1.0,9,12,2,3,11,0,4.666666666666667,4.642796092394708,2,11,1,0,0,0,0,0,1.5555555555555556,3.4029761846919007,10.0,4.0,0.0,0.0,3.5,4.092676385936225
44,28 jul 2022,50,15,17,1.1176470588235294,19,48,2,40,10,0,16.666666666666668,16.996731711975947,36,10,4,0,0,0,0,0,5.5555555555555545,11.226071946946744,9.0,7.0,34.0,0.0,12.5,12.854960132182438
45,29 jul 2022,10,9,9,1.0,9,8,2,4,6,0,3.333333333333333,2.494438257849294,3,4,1,0,2,0,0,0,1.1111111111111112,1.4487116456005888,4.0,4.0,1.0,1.0,2.5,1.5
46,30 jul 2022,5,4,4,1.0,4,5,0,2,3,0,1.6666666666666667,1.247219128924647,2,3,0,0,0,0,0,0,0.5555555555555556,1.0657403385139381,1.0,2.0,0.0,2.0,1.25,0.82915619758885
47,31 jul 2022,2,2,3,1.0,3,1,1,2,0,0,0.6666666666666666,0.9428090415820634,2,0,0,0,0,0,0,0,0.2222222222222222,0.6285393610547091,2.0,0.0,0.0,0.0,0.5,0.8660254037844386
48,1 ago 2022,36,14,17,1.1176470588235294,19,35,1,29,7,0,12.0,12.355835328567093,29,6,0,1,0,0,0,0,4.0,9.030811456096043,14.0,9.0,12.0,1.0,9.0,4.949747468305833
49,2 ago 2022,37,15,24,1.380952380952381,29,35,2,25,12,0,12.333333333333336,10.208928554075703,25,8,0,0,4,0,0,0,4.111111111111111,7.837863150465955,20.0,9.0,8.0,0.0,9.25,7.119515432949071
50,3 ago 2022,61,21,33,1.3571428571428572,38,61,0,42,19,0,20.33333333333333,17.172329163188344,31,16,11,3,0,0,0,0,6.777777777777778,10.18471379380532,31.0,17.0,13.0,0.0,15.25,11.053845484717073
51,4 ago 2022,33,15,20,1.1578947368421053,22,32,1,9,24,0,11.0,9.899494936611664,5,20,4,3,1,0,0,0,3.6666666666666665,6.055300708194983,17.0,16.0,0.0,0.0,8.25,8.257572282456872
52,5 ago 2022,18,14,14,1.0,14,14,4,9,9,0,6.0,4.242640687119285,5,9,4,0,0,0,0,0,2.0,3.0912061651652345,11.0,5.0,1.0,1.0,4.5,4.092676385936225
53,6 ago 2022,8,6,6,1.0,6,4,4,1,7,0,2.6666666666666665,3.091206165165235,1,7,0,0,0,0,0,0,0.8888888888888888,2.1829869671542785,1.0,7.0,0.0,0.0,2.0,2.9154759474226504
54,7 ago 2022,7,4,5,1.25,5,6,1,6,1,0,2.333333333333333,2.6246692913372702,3,1,0,0,0,3,0,0,0.7777777777777778,1.227262335243029,2.0,5.0,0.0,0.0,1.75,2.0463381929681126
55,8 ago 2022,76,12,21,1.3,26,70,6,29,47,0,25.33333333333333,19.36204764194348,24,47,5,0,0,0,0,0,8.444444444444445,15.5213910538622,29.0,31.0,16.0,0.0,19.0,12.389511693363865
56,9 ago 2022,57,17,22,1.1428571428571428,24,53,4,6,51,0,19.0,22.759613353482084,6,50,0,1,0,0,0,0,6.333333333333332,15.549205052920804,41.0,15.0,1.0,0.0,14.25,16.543503256565703
57,10 ago 2022,94,37,42,1.146341463414634,47,18,76,79,15,0,31.33333333333333,34.25719713513579,76,15,3,0,0,0,0,0,10.444444444444443,23.636652851550092,4.0,81.0,9.0,0.0,23.5,33.350412291304586
58,11 ago 2022,48,18,27,1.2608695652173914,29,40,8,27,21,0,16.0,11.575836902790224,27,20,0,0,1,0,0,0,5.333333333333333,9.854496999396321,18.0,19.0,11.0,0.0,12.0,7.582875444051551
59,12 ago 2022,32,13,18,1.3333333333333333,20,30,2,11,21,0,10.666666666666666,8.576453553512405,8,18,3,3,0,0,0,0,3.555555555555556,5.698169513314705,16.0,13.0,3.0,0.0,8.0,6.670832032063168
60,13 ago 2022,6,6,6,1.0,6,5,1,5,1,0,2.0,2.160246899469287,5,0,0,1,0,0,0,0,0.6666666666666666,1.5634719199411429,2.0,4.0,0.0,0.0,1.5,1.6583123951777
61,14 ago 2022,4,3,4,1.25,5,3,1,2,2,0,1.3333333333333333,0.9428090415820634,2,2,0,0,0,0,0,0,0.4444444444444444,0.8314794192830981,3.0,1.0,0.0,0.0,1.0,1.224744871391589
62,15 ago 2022,13,5,5,1.0,5,9,4,3,10,0,4.333333333333333,4.189935029992179,3,7,0,0,3,0,0,0,1.4444444444444444,2.3147407395555173,9.0,3.0,0.0,1.0,3.25,3.491060010942235
63,16 ago 2022,94,19,25,1.3043478260869563,30,87,7,25,69,0,31.33333333333333,28.52289528704188,23,66,2,3,0,0,0,0,10.444444444444443,20.85990897557168,37.0,46.0,11.0,0.0,23.5,18.688231591030764
64,17 ago 2022,34,10,18,1.375,22,31,3,21,13,0,11.333333333333336,8.65383665716478,21,13,0,0,0,0,0,0,3.7777777777777777,7.314791373614573,10.0,21.0,3.0,0.0,8.5,8.077747210701755
65,18 ago 2022,39,16,22,1.15,23,37,2,27,12,0,13.0,11.04536101718726,26,12,1,0,0,0,0,0,4.333333333333333,8.511430223202469,6.0,25.0,8.0,0.0,9.75,9.283722313813572
66,19 ago 2022,23,11,15,1.0714285714285714,15,23,0,10,13,0,7.666666666666668,5.557777333511021,10,10,0,2,1,0,0,0,2.555555555555556,4.030746032714902,10.0,8.0,5.0,0.0,5.75,3.7666297933298414
67,20 ago 2022,13,4,7,1.3333333333333333,8,11,2,7,6,0,4.333333333333333,3.0912061651652345,3,6,4,0,0,0,0,0,1.4444444444444444,2.165954298846436,3.0,9.0,1.0,0.0,3.25,3.491060010942235
68,21 ago 2022,5,5,5,1.2,6,4,1,3,2,0,1.6666666666666667,1.247219128924647,3,2,0,0,0,0,0,0,0.5555555555555556,1.0657403385139381,3.0,1.0,0.0,1.0,1.25,1.0897247358851685
69,22 ago 2022,20,11,15,1.2666666666666666,19,18,2,10,10,0,6.666666666666668,4.714045207910317,10,9,0,1,0,0,0,0,2.2222222222222223,3.90946935239093,16.0,3.0,0.0,1.0,5.0,6.442049363362563
70,23 ago 2022,15,4,8,1.5,9,15,0,8,7,0,5.0,3.559026084010437,8,7,0,0,0,0,0,0,1.6666666666666667,3.1269438398822853,3.0,6.0,6.0,0.0,3.75,2.48746859276655
71,24 ago 2022,102,32,34,1.3636363636363635,45,101,1,87,15,0,34.0,37.97367509209504,87,13,0,0,2,0,0,0,11.333333333333336,27.05139142036464,21.0,80.0,1.0,0.0,25.5,32.56148031032987
72,25 ago 2022,45,15,22,1.4444444444444444,26,41,4,21,24,0,15.0,10.677078252031311,21,21,0,0,3,0,0,0,5.0,8.602325267042627,25.0,12.0,7.0,1.0,11.25,8.842369591913695
73,26 ago 2022,28,10,15,1.3333333333333333,16,28,0,13,15,0,9.333333333333334,6.6499791144200024,10,15,2,0,0,1,0,0,3.111111111111111,5.194964323360427,15.0,9.0,3.0,1.0,7.0,5.47722557505166
74,27 ago 2022,28,8,11,1.2,12,26,2,11,17,0,9.333333333333334,7.039570693980958,11,17,0,0,0,0,0,0,3.111111111111111,5.989703098641579,20.0,5.0,3.0,0.0,7.0,7.713624310270755
75,28 ago 2022,26,14,16,1.2,18,21,5,10,16,0,8.666666666666666,6.599663291074443,9,16,1,0,0,0,0,0,2.888888888888889,5.404616225340137,2.0,23.0,1.0,0.0,6.5,9.552486587271401
76,29 ago 2022,49,10,12,1.181818181818182,13,46,3,8,41,0,16.333333333333332,17.745108872274887,8,41,0,0,0,0,0,0,5.4444444444444455,12.81588520470775,9.0,39.0,1.0,0.0,12.25,15.83311403356901
77,30 ago 2022,89,8,12,1.3333333333333333,16,89,0,5,84,0,29.66666666666667,38.47365621074013,4,71,1,0,13,0,0,0,9.888888888888891,21.976980100118123,15.0,74.0,0.0,0.0,22.25,30.498975392625894
78,31 ago 2022,22,4,7,1.3333333333333333,8,7,15,0,22,0,7.333333333333332,10.370899457402695,0,22,0,0,0,0,0,0,2.4444444444444446,6.913932971601797,19.0,3.0,0.0,0.0,5.5,7.88986691902975
79,1 sept 2022,17,8,11,1.0909090909090908,12,17,0,5,12,0,5.666666666666668,4.9216076867444665,5,6,0,0,6,0,0,0,1.8888888888888888,2.6851213274654597,2.0,11.0,4.0,0.0,4.25,4.14578098794425
80,2 sept 2022,31,5,6,2.0,12,30,1,13,18,0,10.333333333333334,7.586537784494028,13,18,0,0,0,0,0,0,3.4444444444444446,6.550845765770522,5.0,8.0,18.0,0.0,7.75,6.5717197140474575
81,3 sept 2022,22,8,9,1.375,11,22,0,5,17,0,7.333333333333332,7.1336448530109005,5,17,0,0,0,0,0,0,2.4444444444444446,5.3771349478057155,7.0,13.0,2.0,0.0,5.5,5.024937810560445
82,4 sept 2022,4,1,3,2.0,4,4,0,2,2,0,1.3333333333333333,0.9428090415820634,2,2,0,0,0,0,0,0,0.4444444444444444,0.8314794192830981,0.0,3.0,1.0,0.0,1.0,1.224744871391589
83,5 sept 2022,26,9,12,1.0833333333333333,13,20,6,13,13,0,8.666666666666666,6.12825877028341,13,10,0,1,2,0,0,0,2.888888888888889,4.700932400290261,7.0,7.0,12.0,0.0,6.5,4.272001872658765
84,6 sept 2022,45,16,18,1.3333333333333333,24,42,3,29,16,0,15.0,11.860297916438132,15,16,14,0,0,0,0,0,5.0,7.086763875156432,8.0,16.0,21.0,0.0,11.25,7.980444849756184
85,7 sept 2022,45,18,24,1.391304347826087,32,42,3,34,11,0,15.0,14.16568624058385,31,9,3,1,1,0,0,0,5.0,9.591663046625438,9.0,28.0,8.0,0.0,11.25,10.280442597476043
86,8 sept 2022,72,21,30,1.4230769230769231,37,67,5,27,45,0,24.0,18.49324200890693,26,41,1,0,4,0,0,0,8.0,14.134276698076127,51.0,17.0,4.0,0.0,18.0,20.062402647738878
87,9 sept 2022,26,11,16,1.2857142857142858,18,25,1,11,15,0,8.666666666666666,6.342099196813482,11,15,0,0,0,0,0,0,2.888888888888889,5.486234175834892,8.0,13.0,5.0,0.0,6.5,4.716990566028302
88,10 sept 2022,34,11,18,1.2666666666666666,19,29,5,23,11,0,11.333333333333336,9.392668535736913,23,11,0,0,0,0,0,0,3.7777777777777777,7.612530281315839,10.0,12.0,12.0,0.0,8.5,4.9749371855331
89,11 sept 2022,7,5,5,1.0,5,7,0,4,3,0,2.333333333333333,1.699673171197595,3,3,1,0,0,0,0,0,0.7777777777777778,1.227262335243029,3.0,2.0,1.0,1.0,1.75,0.82915619758885
90,12 sept 2022,13,8,12,1.2,12,11,2,8,5,0,4.333333333333333,3.2998316455372216,8,4,0,1,0,0,0,0,1.4444444444444444,2.6293687924887177,5.0,7.0,1.0,0.0,3.25,2.8613807855648994
91,13 sept 2022,39,13,16,1.3571428571428572,19,33,6,13,26,0,13.0,10.614455552060438,10,26,3,0,0,0,0,0,4.333333333333333,8.273115763993905,26.0,9.0,3.0,1.0,9.75,9.832980219648569
92,14 sept 2022,19,12,15,1.1333333333333333,17,15,4,9,10,0,6.333333333333332,4.496912521077347,9,10,0,0,0,0,0,0,2.1111111111111107,3.956554181058857,13.0,3.0,2.0,1.0,4.75,4.815340071064557
93,15 sept 2022,72,31,36,1.1142857142857143,39,69,3,38,34,0,24.0,17.048949136725895,36,33,2,1,0,0,0,0,8.0,14.197026292697904,19.0,51.0,2.0,0.0,18.0,20.432816741702553
94,16 sept 2022,22,10,16,1.3076923076923077,17,21,1,18,4,0,7.333333333333332,7.717224601860151,17,3,1,1,0,0,0,0,2.4444444444444446,5.230489909306588,8.0,10.0,4.0,0.0,5.5,3.8405728739343035
95,17 sept 2022,17,9,9,1.0,9,16,1,15,2,0,5.666666666666668,6.649979114419999,15,2,0,0,0,0,0,0,1.8888888888888888,4.6772367066331535,9.0,7.0,0.0,1.0,4.25,3.8324274291889733
96,18 sept 2022,4,2,3,2.5,5,2,2,2,0,2,1.3333333333333333,0.9428090415820634,3,0,1,0,0,0,0,0,0.4444444444444444,0.955813918560292,0.0,4.0,0.0,0.0,1.0,1.7320508075688772
97,19 sept 2022,33,13,18,1.2352941176470589,21,29,4,14,19,0,11.0,8.04155872120988,5,19,9,0,0,0,0,0,3.6666666666666665,6.200358412579425,12.0,16.0,4.0,1.0,8.25,6.015604707757982
98,20 sept 2022,36,14,16,1.2,18,33,3,12,24,0,12.0,9.797958971132712,12,23,0,1,0,0,0,0,4.0,7.6739096221475585,6.0,20.0,8.0,2.0,9.0,6.708203932499369
99,21 sept 2022,50,15,21,1.2105263157894737,23,50,0,41,9,0,16.666666666666668,17.594190960528863,40,9,1,0,0,0,0,0,5.5555555555555545,12.490984403081475,3.0,47.0,0.0,0.0,12.5,19.956202043475106
100,22 sept 2022,7,6,7,1.3333333333333333,8,5,2,4,3,0,2.333333333333333,1.699673171197595,4,3,0,0,0,0,0,0,0.7777777777777778,1.4740554623801776,3.0,4.0,0.0,0.0,1.75,1.7853571071357126
101,23 sept 2022,6,3,5,1.6666666666666667,5,4,2,3,3,0,2.0,1.4142135623730951,3,3,0,0,0,0,0,0,0.6666666666666666,1.247219128924647,1.0,3.0,2.0,0.0,1.5,1.118033988749895
102,24 sept 2022,4,2,3,2.0,4,3,1,4,0,0,1.3333333333333333,1.8856180831641267,4,0,0,0,0,0,0,0,0.4444444444444444,1.2570787221094182,1.0,3.0,0.0,0.0,1.0,1.224744871391589
103,25 sept 2022,15,4,6,1.75,7,14,1,10,5,0,5.0,4.08248290463863,3,5,7,0,0,0,0,0,1.6666666666666667,2.5385910352879693,1.0,6.0,7.0,1.0,3.75,2.7726341266023544
104,26 sept 2022,45,18,20,1.1052631578947372,21,42,3,34,11,0,15.0,14.16568624058385,31,11,3,0,0,0,0,0,5.0,9.809292646374775,28.0,9.0,7.0,1.0,11.25,10.108783309577863
105,27 sept 2022,15,13,15,1.1428571428571428,16,14,1,2,13,0,5.0,5.715476066494082,2,13,0,0,0,0,0,0,1.6666666666666667,4.0551750201988135,2.0,13.0,0.0,0.0,3.75,5.402545696243577
106,28 sept 2022,61,19,28,1.148148148148148,31,56,5,33,28,0,20.33333333333333,14.522013940527975,33,25,0,3,0,0,0,0,6.777777777777778,12.062593951530747,25.0,35.0,1.0,0.0,15.25,15.171931320698759
107,29 sept 2022,54,20,26,1.2,30,54,0,32,22,0,18.0,13.36662510384228,32,22,0,0,0,0,0,0,6.0,11.469767022723502,21.0,22.0,11.0,0.0,13.5,8.90224690738243
108,30 sept 2022,40,8,17,1.5384615384615383,20,35,5,11,29,0,13.333333333333336,11.953614051360738,10,29,1,0,0,0,0,0,4.4444444444444455,9.214856496273484,15.0,22.0,3.0,0.0,10.0,8.916277250063501
109,1 oct 2022,5,3,7,1.75,7,5,0,4,1,0,1.6666666666666667,1.699673171197595,4,1,0,0,0,0,0,0,0.5555555555555556,1.2570787221094182,1.0,3.0,1.0,0.0,1.25,1.0897247358851685
110,2 oct 2022,8,5,6,1.0,6,2,6,5,3,0,2.6666666666666665,2.0548046676563256,2,3,3,0,0,0,0,0,0.8888888888888888,1.2862041003100249,3.0,2.0,3.0,0.0,2.0,1.224744871391589
111,3 oct 2022,29,9,11,1.5,15,25,4,24,5,0,9.666666666666666,10.338708279513881,6,5,18,0,0,0,0,0,3.2222222222222223,5.691665988829199,7.0,11.0,11.0,0.0,7.25,4.493050188902857
112,4 oct 2022,30,12,17,1.5714285714285714,22,29,1,12,16,2,10.0,5.887840577551898,12,15,2,1,0,0,0,0,3.333333333333333,5.517648452415616,22.0,7.0,1.0,0.0,7.5,8.789197915623474
113,5 oct 2022,59,20,27,1.7272727272727273,38,58,1,51,8,0,19.666666666666668,22.395436042987765,51,8,0,0,0,0,0,0,6.5555555555555545,15.910242061927779,17.0,37.0,5.0,0.0,14.75,14.254385290148432
114,6 oct 2022,14,6,6,1.0,6,14,0,9,5,0,4.666666666666667,3.6817870057290873,9,5,0,0,0,0,0,0,1.5555555555555556,3.0590888662080444,10.0,4.0,0.0,0.0,3.5,4.092676385936225
115,7 oct 2022,9,5,8,2.2,11,6,3,5,4,0,3.0,2.160246899469287,5,4,0,0,0,0,0,0,1.0,1.8856180831641267,6.0,3.0,0.0,0.0,2.25,2.48746859276655
116,12 oct 2022,54,17,24,1.318181818181818,29,54,0,45,9,0,18.0,19.442222095223578,44,7,1,1,1,0,0,0,6.0,13.59738536958076,22.0,26.0,6.0,0.0,13.5,10.805091392487157
117,13 oct 2022,34,13,20,1.2777777777777777,23,30,4,22,12,0,11.333333333333336,8.993825042154695,22,12,0,0,0,0,0,0,3.7777777777777777,7.45024649521787,14.0,18.0,2.0,0.0,8.5,7.664854858377947
118,14 oct 2022,14,7,10,1.2222222222222223,11,8,6,9,5,0,4.666666666666667,3.6817870057290873,8,3,1,2,0,0,0,0,1.5555555555555556,2.4993826398226653,5.0,6.0,3.0,0.0,3.5,2.29128784747792
119,15 oct 2022,17,10,12,1.3,13,12,5,15,2,0,5.666666666666668,6.649979114419999,15,2,0,0,0,0,0,0,1.8888888888888888,4.6772367066331535,2.0,15.0,0.0,0.0,4.25,6.2599920127744575
120,16 oct 2022,8,5,6,1.2,6,5,3,6,2,0,2.6666666666666665,2.494438257849294,5,2,1,0,0,0,0,0,0.8888888888888888,1.594744454934147,4.0,4.0,0.0,0.0,2.0,2.0
121,17 oct 2022,9,8,9,1.1111111111111112,10,8,1,4,5,0,3.0,2.160246899469287,3,4,1,1,0,0,0,0,1.0,1.4142135623730951,6.0,2.0,1.0,0.0,2.25,2.2776083947860752
122,18 oct 2022,22,8,10,1.0,10,22,0,13,9,0,7.333333333333332,5.436502143433364,13,9,0,0,0,0,0,0,2.4444444444444446,4.669311419877931,10.0,4.0,8.0,0.0,5.5,3.8405728739343035
123,19 oct 2022,52,22,28,1.32,33,29,23,41,11,0,17.333333333333332,17.326921891156033,26,10,15,1,0,0,0,0,5.777777777777778,8.828964677919524,10.0,39.0,2.0,1.0,13.0,15.41103500742244
124,20 oct 2022,27,9,14,1.25,15,27,0,13,14,0,9.0,6.3770421565696624,12,14,1,0,0,0,0,0,3.0,5.374838498865699,16.0,11.0,0.0,0.0,6.75,6.9776428684764324
125,21 oct 2022,47,24,29,1.3076923076923077,34,45,2,34,13,0,15.666666666666664,14.007934259633796,26,12,8,0,1,0,0,0,5.222222222222221,8.429811883729181,16.0,31.0,0.0,0.0,11.75,12.891373084353738
126,22 oct 2022,23,14,15,1.0666666666666669,16,21,2,19,4,0,7.666666666666668,8.178562764256865,17,4,2,0,0,0,0,0,2.555555555555556,5.2728046745354105,5.0,17.0,1.0,0.0,5.75,6.759252917297888
127,23 oct 2022,8,5,5,1.2,6,4,4,1,7,0,2.6666666666666665,3.091206165165235,1,3,0,3,1,0,0,0,0.8888888888888888,1.1967032904743342,6.0,2.0,0.0,0.0,2.0,2.449489742783178
128,24 oct 2022,22,9,13,1.1538461538461535,15,20,2,6,16,0,7.333333333333332,6.599663291074443,5,15,1,0,1,0,0,0,2.4444444444444446,4.69304712932064,15.0,7.0,0.0,0.0,5.5,6.1846584384264895
129,25 oct 2022,29,16,18,1.1666666666666667,21,26,3,13,16,0,9.666666666666666,6.944222218666552,7,14,6,0,2,0,0,0,3.2222222222222223,4.613453220450376,15.0,14.0,0.0,0.0,7.25,7.258615570478987
130,26 oct 2022,39,15,23,1.2380952380952381,26,26,13,21,18,0,13.0,9.273618495495704,18,17,3,0,1,0,0,0,4.333333333333333,7.102425250887505,21.0,16.0,2.0,0.0,9.75,8.954747344286158
131,27 oct 2022,24,11,14,1.0769230769230769,14,23,1,17,7,0,8.0,6.97614984548545,5,7,12,0,0,0,0,0,2.6666666666666665,4.136557881996952,12.0,12.0,0.0,0.0,6.0,6.0
132,28 oct 2022,19,9,10,1.2,12,18,1,5,14,0,6.333333333333332,5.792715732327589,5,14,0,0,0,0,0,0,2.1111111111111107,4.4831646670737815,13.0,6.0,0.0,0.0,4.75,5.3560713214071365
133,29 oct 2022,9,7,8,1.2857142857142858,9,7,2,5,4,0,3.0,2.160246899469287,4,4,1,0,0,0,0,0,1.0,1.6329931618554518,4.0,3.0,2.0,0.0,2.25,1.4790199457749043
134,30 oct 2022,22,7,7,1.0,7,21,1,12,10,0,7.333333333333332,5.2493385826745405,11,2,1,8,0,0,0,0,2.4444444444444446,3.8904758666692434,19.0,3.0,0.0,0.0,5.5,7.88986691902975
135,31 oct 2022,20,9,13,1.1666666666666667,14,18,2,9,11,0,6.666666666666668,4.784233364802442,7,11,2,0,0,0,0,0,2.2222222222222223,3.7940824619919726,9.0,11.0,0.0,0.0,5.0,5.04975246918104
136,1 nov 2022,27,11,15,1.5,18,21,6,8,19,0,9.0,7.788880963698615,8,16,0,0,3,0,0,0,3.0,5.2493385826745405,9.0,16.0,1.0,1.0,6.75,6.2599920127744575
137,2 nov 2022,44,15,22,1.3157894736842106,25,36,8,36,8,0,14.666666666666664,15.434449203720302,36,7,0,0,1,0,0,0,4.888888888888889,11.209563817903634,12.0,31.0,1.0,0.0,11.0,12.469963913339924
138,3 nov 2022,14,4,9,1.2857142857142858,9,14,0,8,6,0,4.666666666666667,3.39934634239519,8,6,0,0,0,0,0,0,1.5555555555555556,2.9481109247603547,1.0,11.0,2.0,0.0,3.5,4.38748219369606
139,4 nov 2022,6,5,6,1.2,6,4,2,3,3,0,2.0,1.4142135623730951,3,3,0,0,0,0,0,0,0.6666666666666666,1.247219128924647,3.0,2.0,0.0,1.0,1.5,1.118033988749895
140,5 nov 2022,4,3,4,1.3333333333333333,4,2,2,3,1,0,1.3333333333333333,1.247219128924647,3,0,0,1,0,0,0,0,0.4444444444444444,0.955813918560292,1.0,2.0,1.0,0.0,1.0,0.7071067811865476
141,6 nov 2022,5,3,3,1.0,3,0,5,1,4,0,1.6666666666666667,1.699673171197595,1,4,0,0,0,0,0,0,0.5555555555555556,1.2570787221094182,5.0,0.0,0.0,0.0,1.25,2.165063509461097
142,7 nov 2022,29,12,14,1.1538461538461535,15,27,2,21,8,0,9.666666666666666,8.65383665716478,21,6,0,1,1,0,0,0,3.2222222222222223,6.545189544454732,8.0,18.0,3.0,0.0,7.25,6.8328251843582235
143,8 nov 2022,10,5,8,1.5,9,9,1,5,5,0,3.333333333333333,2.3570226039551585,5,3,0,2,0,0,0,0,1.1111111111111112,1.7284832429004495,4.0,6.0,0.0,0.0,2.5,2.598076211353316
144,9 nov 2022,44,24,28,1.2692307692307692,33,40,4,36,8,0,14.666666666666664,15.434449203720302,35,8,0,0,0,0,1,0,4.888888888888889,10.928499383054936,3.0,41.0,0.0,0.0,11.0,17.363755354185336
145,10 nov 2022,17,6,11,1.6666666666666667,15,17,0,14,3,0,5.666666666666668,6.018490028422597,14,2,0,0,1,0,0,0,1.8888888888888888,4.331908597692872,1.0,16.0,0.0,0.0,4.25,6.796138609534093
146,11 nov 2022,17,6,9,1.375,11,16,1,13,4,0,5.666666666666668,5.436502143433364,13,4,0,0,0,0,0,0,1.8888888888888888,4.1216082202203115,11.0,6.0,0.0,0.0,4.25,4.602988159880492
147,12 nov 2022,11,8,9,1.1111111111111112,10,9,2,4,7,0,3.6666666666666665,2.867441755680876,4,7,0,0,0,0,0,0,1.2222222222222223,2.393406580948669,6.0,5.0,0.0,0.0,2.75,2.7726341266023544
148,13 nov 2022,6,2,5,2.0,6,5,1,6,0,0,2.0,2.8284271247461903,6,0,0,0,0,0,0,0,0.6666666666666666,1.8856180831641265,1.0,4.0,1.0,0.0,1.5,1.5
149,14 nov 2022,17,12,13,1.1666666666666667,14,16,1,8,9,0,5.666666666666668,4.027681991198191,8,6,0,0,3,0,0,0,1.8888888888888888,2.922876986214645,5.0,8.0,3.0,1.0,4.25,2.5860201081971503
150,15 nov 2022,18,10,12,1.0909090909090908,12,16,2,12,6,0,6.0,4.898979485566356,7,6,5,0,0,0,0,0,2.0,2.867441755680876,6.0,3.0,8.0,1.0,4.5,2.6925824035672523
151,16 nov 2022,25,12,14,1.4166666666666667,17,19,6,12,13,0,8.333333333333334,5.9066817155564495,10,13,2,0,0,0,0,0,2.7777777777777777,4.7557632353405985,15.0,3.0,6.0,1.0,6.25,5.3560713214071365
152,17 nov 2022,20,9,12,1.3636363636363635,15,18,2,16,4,0,6.666666666666668,6.79869268479038,16,4,0,0,0,0,0,0,2.2222222222222223,5.028314888437673,9.0,11.0,0.0,0.0,5.0,5.04975246918104
153,18 nov 2022,26,13,17,1.125,18,25,1,19,7,0,8.666666666666666,7.84573486395988,12,7,7,0,0,0,0,0,2.888888888888889,4.306182750016911,7.0,8.0,11.0,0.0,6.5,4.031128874149275
154,19 nov 2022,25,13,14,1.0714285714285714,15,24,1,23,2,0,8.333333333333334,10.402991022884825,22,2,1,0,0,0,0,0,2.7777777777777777,6.827685109216541,2.0,23.0,0.0,0.0,6.25,9.705024471890836
155,20 nov 2022,12,8,8,1.0,8,11,1,10,2,0,4.0,4.320493798938574,10,2,0,0,0,0,0,0,1.3333333333333333,3.1269438398822853,9.0,3.0,0.0,0.0,3.0,3.6742346141747673
156,21 nov 2022,11,7,10,1.5714285714285714,11,8,3,7,4,0,3.6666666666666665,2.867441755680876,7,2,0,0,2,0,0,0,1.2222222222222223,2.199887763691481,6.0,5.0,0.0,0.0,2.75,2.7726341266023544
157,22 nov 2022,13,9,12,1.3333333333333333,12,10,3,12,1,0,4.333333333333333,5.436502143433364,11,1,0,0,0,0,1,0,1.4444444444444444,3.4029761846919007,4.0,5.0,2.0,2.0,3.25,1.299038105676658
158,23 nov 2022,64,24,26,1.2307692307692308,32,63,1,48,16,0,21.33333333333333,19.955506062794356,48,16,0,0,0,0,0,0,7.111111111111112,15.29302269696467,14.0,50.0,0.0,0.0,16.0,20.445048300260872
159,24 nov 2022,10,6,9,1.4285714285714286,10,9,1,4,6,0,3.333333333333333,2.494438257849294,4,6,0,0,0,0,0,0,1.1111111111111112,2.1314806770278762,5.0,3.0,1.0,1.0,2.5,1.6583123951777
160,25 nov 2022,9,1,4,1.6666666666666667,5,9,0,8,1,0,3.0,3.559026084010437,8,1,0,0,0,0,0,0,1.0,2.494438257849294,0.0,9.0,0.0,0.0,2.25,3.897114317029974
161,26 nov 2022,25,17,18,1.1176470588235294,19,19,6,19,6,0,8.333333333333334,7.930251502246879,14,5,5,0,1,0,0,0,2.7777777777777777,4.441665798068152,4.0,19.0,0.0,2.0,6.25,7.495832175282475
162,27 nov 2022,2,0,2,,2,1,1,2,0,0,0.6666666666666666,0.9428090415820634,2,0,0,0,0,0,0,0,0.2222222222222222,0.6285393610547091,0.0,2.0,0.0,0.0,0.5,0.8660254037844386
163,28 nov 2022,22,7,10,1.5714285714285714,11,15,7,11,11,0,7.333333333333332,5.1854497287013475,4,11,7,0,0,0,0,0,2.4444444444444446,3.8329307357022975,17.0,5.0,0.0,0.0,5.5,6.946221994724902
164,29 nov 2022,9,5,8,1.3333333333333333,8,9,0,6,3,0,3.0,2.449489742783178,5,3,1,0,0,0,0,0,1.0,1.699673171197595,5.0,4.0,0.0,0.0,2.25,2.2776083947860752
165,30 nov 2022,18,6,10,1.25,10,16,2,15,2,1,6.0,6.3770421565696624,15,2,1,0,0,0,0,0,2.0,4.642796092394708,4.0,9.0,4.0,1.0,4.5,2.8722813232690143
166,1 dic 2022,22,14,17,1.125,18,20,2,9,13,0,7.333333333333332,5.436502143433364,8,13,1,0,0,0,0,0,2.4444444444444446,4.474895681244949,10.0,10.0,1.0,1.0,5.5,4.5
167,2 dic 2022,3,2,3,1.0,3,3,0,0,3,0,1.0,1.4142135623730951,0,3,0,0,0,0,0,0,0.3333333333333333,0.9428090415820632,1.0,2.0,0.0,0.0,0.75,0.82915619758885
168,3 dic 2022,9,5,5,1.0,5,6,3,5,4,0,3.0,2.160246899469287,5,1,0,3,0,0,0,0,1.0,1.699673171197595,4.0,2.0,0.0,3.0,2.25,1.4790199457749043
169,4 dic 2022,20,4,5,1.25,5,17,3,3,17,0,6.666666666666668,7.4087035902976215,3,17,0,0,0,0,0,0,2.2222222222222223,5.307809294442751,18.0,2.0,0.0,0.0,5.0,7.549834435270751
170,5 dic 2022,11,7,8,1.0,8,10,1,3,8,0,3.6666666666666665,3.2998316455372216,1,8,2,0,0,0,0,0,1.2222222222222223,2.4845199749997664,4.0,6.0,0.0,1.0,2.75,2.384848003542364
171,6 dic 2022,27,4,5,1.2,6,25,2,2,25,0,9.0,11.343133018115704,2,25,0,0,0,0,0,0,3.0,7.803133273813082,26.0,1.0,0.0,0.0,6.75,11.121488209767614
172,7 dic 2022,23,12,15,1.2142857142857142,17,18,5,12,11,0,7.666666666666668,5.436502143433364,12,9,0,0,2,0,0,0,2.555555555555556,4.348974620173538,15.0,7.0,1.0,0.0,5.75,5.9739015726742615
173,8 dic 2022,10,7,9,1.125,9,9,1,7,3,0,3.333333333333333,2.867441755680876,7,1,0,2,0,0,0,0,1.1111111111111112,2.1829869671542785,2.0,7.0,1.0,0.0,2.5,2.6925824035672523
174,9 dic 2022,3,2,2,1.0,2,1,2,1,2,0,1.0,0.8164965809277259,1,2,0,0,0,0,0,0,0.3333333333333333,0.6666666666666666,1.0,0.0,0.0,2.0,0.75,0.82915619758885
175,10 dic 2022,7,7,7,1.0,7,4,3,2,5,0,2.333333333333333,2.0548046676563256,2,4,0,0,1,0,0,0,0.7777777777777778,1.314684396244359,0.0,7.0,0.0,0.0,1.75,3.0310889132455348
176,11 dic 2022,3,2,2,1.0,2,2,1,3,0,0,1.0,1.4142135623730951,3,0,0,0,0,0,0,0,0.3333333333333333,0.9428090415820632,2.0,1.0,0.0,0.0,0.75,0.82915619758885
177,12 dic 2022,16,11,12,1.0,12,13,3,5,11,0,5.333333333333333,4.496912521077348,5,8,0,0,3,0,0,0,1.7777777777777777,2.779999111821512,10.0,5.0,1.0,0.0,4.0,3.9370039370059056
178,13 dic 2022,6,4,6,1.0,6,6,0,0,6,0,2.0,2.8284271247461903,0,6,0,0,0,0,0,0,0.6666666666666666,1.8856180831641265,2.0,3.0,0.0,1.0,1.5,1.118033988749895
179,14 dic 2022,6,5,5,1.0,5,4,2,3,3,0,2.0,1.4142135623730951,3,3,0,0,0,0,0,0,0.6666666666666666,1.247219128924647,3.0,3.0,0.0,0.0,1.5,1.5
180,15 dic 2022,12,5,7,1.1428571428571428,8,9,3,3,9,0,4.0,3.741657386773941,3,8,0,0,1,0,0,0,1.3333333333333333,2.5385910352879693,3.0,7.0,1.0,1.0,3.0,2.449489742783178
181,16 dic 2022,9,5,6,1.1666666666666667,7,9,0,4,5,0,3.0,2.160246899469287,4,5,0,0,0,0,0,0,1.0,1.8856180831641267,5.0,3.0,1.0,0.0,2.25,1.9202864369671517
182,17 dic 2022,5,4,4,1.0,4,3,2,4,1,0,1.6666666666666667,1.699673171197595,4,1,0,0,0,0,0,0,0.5555555555555556,1.2570787221094182,1.0,4.0,0.0,0.0,1.25,1.6393596310754999
183,18 dic 2022,1,0,1,1.0,1,1,0,1,0,0,0.3333333333333333,0.4714045207910317,1,0,0,0,0,0,0,0,0.1111111111111111,0.3142696805273545,0.0,1.0,0.0,0.0,0.25,0.4330127018922193
184,19 dic 2022,20,11,12,1.0833333333333333,13,15,5,3,17,0,6.666666666666668,7.4087035902976215,3,15,0,1,1,0,0,0,2.2222222222222223,4.613453220450377,13.0,6.0,0.0,1.0,5.0,5.1478150704935
185,20 dic 2022,5,3,3,1.0,3,5,0,5,0,0,1.6666666666666667,2.3570226039551585,5,0,0,0,0,0,0,0,0.5555555555555556,1.5713484026367726,3.0,2.0,0.0,0.0,1.25,1.299038105676658
186,21 dic 2022,4,2,2,1.0,2,4,0,1,3,0,1.3333333333333333,1.247219128924647,1,3,0,0,0,0,0,0,0.4444444444444444,0.955813918560292,4.0,0.0,0.0,0.0,1.0,1.7320508075688772
187,22 dic 2022,3,1,3,2.0,4,3,0,2,1,0,1.0,0.8164965809277259,2,0,0,0,1,0,0,0,0.3333333333333333,0.6666666666666666,3.0,0.0,0.0,0.0,0.75,1.299038105676658
188,23 dic 2022,3,2,3,1.5,3,2,1,2,1,0,1.0,0.8164965809277259,2,0,0,0,1,0,0,0,0.3333333333333333,0.6666666666666666,1.0,2.0,0.0,0.0,0.75,0.82915619758885
189,24 dic 2022,2,2,2,1.0,2,1,1,1,1,0,0.6666666666666666,0.4714045207910317,0,0,0,1,0,1,0,0,0.2222222222222222,0.41573970964154905,1.0,1.0,0.0,0.0,0.5,0.5
190,25 dic 2022,4,3,4,1.3333333333333333,4,4,0,3,1,0,1.3333333333333333,1.247219128924647,3,1,0,0,0,0,0,0,0.4444444444444444,0.955813918560292,1.0,3.0,0.0,0.0,1.0,1.224744871391589
191,26 dic 2022,3,3,4,1.3333333333333333,4,2,1,1,2,0,1.0,0.8164965809277259,1,1,0,1,0,0,0,0,0.3333333333333333,0.4714045207910317,2.0,1.0,0.0,0.0,0.75,0.82915619758885
192,27 dic 2022,3,2,3,1.5,3,2,1,2,0,1,1.0,0.8164965809277259,2,0,1,0,0,0,0,0,0.3333333333333333,0.6666666666666666,2.0,1.0,0.0,0.0,0.75,0.82915619758885
193,28 dic 2022,1,1,1,1.0,1,1,0,0,1,0,0.3333333333333333,0.4714045207910317,0,1,0,0,0,0,0,0,0.1111111111111111,0.3142696805273545,1.0,0.0,0.0,0.0,0.25,0.4330127018922193
194,29 dic 2022,2,2,2,1.0,2,1,1,1,1,0,0.6666666666666666,0.4714045207910317,1,1,0,0,0,0,0,0,0.2222222222222222,0.41573970964154905,2.0,0.0,0.0,0.0,0.5,0.8660254037844386
195,30 dic 2022,4,4,5,1.25,5,3,1,3,0,1,1.3333333333333333,1.247219128924647,4,0,0,0,0,0,0,0,0.4444444444444444,1.2570787221094182,1.0,2.0,0.0,1.0,1.0,0.7071067811865476
196,31 dic 2022,2,2,2,1.0,2,2,0,1,1,0,0.6666666666666666,0.4714045207910317,1,1,0,0,0,0,0,0,0.2222222222222222,0.41573970964154905,1.0,0.0,0.0,1.0,0.5,0.5
197,1 ene 2023,2,1,1,1.0,1,2,0,2,0,0,0.6666666666666666,0.9428090415820634,2,0,0,0,0,0,0,0,0.2222222222222222,0.6285393610547091,2.0,0.0,0.0,0.0,0.5,0.8660254037844386
198,2 ene 2023,4,2,2,1.0,2,4,0,0,4,0,1.3333333333333333,1.8856180831641267,0,4,0,0,0,0,0,0,0.4444444444444444,1.2570787221094182,4.0,0.0,0.0,0.0,1.0,1.7320508075688772
199,3 ene 2023,3,1,2,2.0,2,3,0,0,3,0,1.0,1.4142135623730951,0,3,0,0,0,0,0,0,0.3333333333333333,0.9428090415820632,0.0,3.0,0.0,0.0,0.75,1.299038105676658
200,4 ene 2023,8,4,6,1.2,6,8,0,7,1,0,2.6666666666666665,3.091206165165235,6,1,1,0,0,0,0,0,0.8888888888888888,1.8525924445036737,3.0,5.0,0.0,0.0,2.0,2.1213203435596424
201,5 ene 2023,2,2,2,1.0,2,2,0,1,1,0,0.6666666666666666,0.4714045207910317,0,1,0,0,0,1,0,0,0.2222222222222222,0.41573970964154905,1.0,1.0,0.0,0.0,0.5,0.5
202,6 ene 2023,3,3,3,1.0,3,3,0,3,0,0,1.0,1.4142135623730951,3,0,0,0,0,0,0,0,0.3333333333333333,0.9428090415820632,2.0,1.0,0.0,0.0,0.75,0.82915619758885
203,7 ene 2023,2,2,2,1.0,2,1,1,2,0,0,0.6666666666666666,0.9428090415820634,1,0,1,0,0,0,0,0,0.2222222222222222,0.41573970964154905,0.0,1.0,0.0,1.0,0.5,0.5
204,8 ene 2023,6,3,3,1.0,3,4,2,6,0,0,2.0,2.8284271247461903,6,0,0,0,0,0,0,0,0.6666666666666666,1.8856180831641265,0.0,3.0,0.0,3.0,1.5,1.5
205,9 ene 2023,5,4,4,1.0,4,2,3,1,4,0,1.6666666666666667,1.699673171197595,1,3,0,1,0,0,0,0,0.5555555555555556,0.955813918560292,4.0,1.0,0.0,0.0,1.25,1.6393596310754999
206,10 ene 2023,1,1,1,1.0,1,0,1,0,1,0,0.3333333333333333,0.4714045207910317,0,1,0,0,0,0,0,0,0.1111111111111111,0.3142696805273545,1.0,0.0,0.0,0.0,0.25,0.4330127018922193
207,11 ene 2023,1,1,1,1.0,1,0,1,0,1,0,0.3333333333333333,0.4714045207910317,0,1,0,0,0,0,0,0,0.1111111111111111,0.3142696805273545,1.0,0.0,0.0,0.0,0.25,0.4330127018922193
208,13 ene 2023,6,3,3,1.6666666666666667,5,2,4,6,0,0,2.0,2.8284271247461903,6,0,0,0,0,0,0,0,0.6666666666666666,1.8856180831641265,1.0,5.0,0.0,0.0,1.5,2.0615528128088303
209,14 ene 2023,3,3,3,1.0,3,3,0,2,1,0,1.0,0.8164965809277259,2,1,0,0,0,0,0,0,0.3333333333333333,0.6666666666666666,0.0,2.0,0.0,1.0,0.75,0.82915619758885
210,15 ene 2023,2,1,1,2.0,2,2,0,2,0,0,0.6666666666666666,0.9428090415820634,2,0,0,0,0,0,0,0,0.2222222222222222,0.6285393610547091,2.0,0.0,0.0,0.0,0.5,0.8660254037844386
211,16 ene 2023,4,3,3,1.0,3,3,1,1,3,0,1.3333333333333333,1.247219128924647,1,3,0,0,0,0,0,0,0.4444444444444444,0.955813918560292,1.0,0.0,2.0,1.0,1.0,0.7071067811865476
212,17 ene 2023,2,1,1,1.0,1,0,2,0,2,0,0.6666666666666666,0.9428090415820634,0,2,0,0,0,0,0,0,0.2222222222222222,0.6285393610547091,2.0,0.0,0.0,0.0,0.5,0.8660254037844386
213,18 ene 2023,3,1,2,1.0,2,1,2,0,3,0,1.0,1.4142135623730951,0,3,0,0,0,0,0,0,0.3333333333333333,0.9428090415820632,2.0,0.0,0.0,1.0,0.75,0.82915619758885
214,19 ene 2023,1,1,1,1.0,1,0,1,0,1,0,0.3333333333333333,0.4714045207910317,0,0,0,1,0,0,0,0,0.1111111111111111,0.3142696805273545,0.0,1.0,0.0,0.0,0.25,0.4330127018922193
215,20 ene 2023,3,3,3,1.0,3,2,1,3,0,0,1.0,1.4142135623730951,3,0,0,0,0,0,0,0,0.3333333333333333,0.9428090415820632,2.0,1.0,0.0,0.0,0.75,0.82915619758885
216,21 ene 2023,6,5,6,1.0,6,4,2,4,2,0,2.0,1.6329931618554518,3,1,0,0,1,1,0,0,0.6666666666666666,0.9428090415820632,3.0,1.0,1.0,1.0,1.5,0.8660254037844386
217,22 ene 2023,3,2,2,1.0,2,3,0,2,1,0,1.0,0.8164965809277259,2,1,0,0,0,0,0,0,0.3333333333333333,0.6666666666666666,2.0,0.0,0.0,1.0,0.75,0.82915619758885
218,23 ene 2023,1,1,1,1.0,1,1,0,0,1,0,0.3333333333333333,0.4714045207910317,0,1,0,0,0,0,0,0,0.1111111111111111,0.3142696805273545,1.0,0.0,0.0,0.0,0.25,0.4330127018922193
219,24 ene 2023,5,5,5,1.0,5,4,1,4,1,0,1.6666666666666667,1.699673171197595,4,1,0,0,0,0,0,0,0.5555555555555556,1.2570787221094182,2.0,3.0,0.0,0.0,1.25,1.299038105676658
220,25 ene 2023,4,2,3,1.5,3,4,0,1,3,0,1.3333333333333333,1.247219128924647,1,3,0,0,0,0,0,0,0.4444444444444444,0.955813918560292,3.0,1.0,0.0,0.0,1.0,1.224744871391589
221,26 ene 2023,5,3,4,1.0,4,5,0,3,2,0,1.6666666666666667,1.247219128924647,3,2,0,0,0,0,0,0,0.5555555555555556,1.0657403385139381,2.0,1.0,2.0,0.0,1.25,0.82915619758885
222,27 ene 2023,8,6,7,1.1428571428571428,8,7,1,2,6,0,2.6666666666666665,2.494438257849294,2,6,0,0,0,0,0,0,0.8888888888888888,1.911627837120584,2.0,6.0,0.0,0.0,2.0,2.449489742783178
223,28 ene 2023,2,1,1,1.0,1,2,0,2,0,0,0.6666666666666666,0.9428090415820634,2,0,0,0,0,0,0,0,0.2222222222222222,0.6285393610547091,0.0,2.0,0.0,0.0,0.5,0.8660254037844386
224,29 ene 2023,2,1,2,1.0,2,1,1,2,0,0,0.6666666666666666,0.9428090415820634,2,0,0,0,0,0,0,0,0.2222222222222222,0.6285393610547091,1.0,1.0,0.0,0.0,0.5,0.5
225,30 ene 2023,9,5,5,1.0,5,8,1,6,3,0,3.0,2.449489742783178,6,2,0,1,0,0,0,0,1.0,1.8856180831641267,5.0,4.0,0.0,0.0,2.25,2.2776083947860752
226,31 ene 2023,11,7,7,1.0,7,11,0,3,8,0,3.6666666666666665,3.2998316455372216,3,7,0,0,1,0,0,0,1.2222222222222223,2.2498285257018438,1.0,10.0,0.0,0.0,2.75,4.205650960315181
227,1 feb 2023,1,1,1,1.0,1,1,0,0,1,0,0.3333333333333333,0.4714045207910317,0,1,0,0,0,0,0,0,0.1111111111111111,0.3142696805273545,0.0,1.0,0.0,0.0,0.25,0.4330127018922193
228,2 feb 2023,8,4,7,1.4,7,7,1,2,6,0,2.6666666666666665,2.494438257849294,2,6,0,0,0,0,0,0,0.8888888888888888,1.911627837120584,4.0,3.0,0.0,1.0,2.0,1.5811388300841898
229,3 feb 2023,8,5,8,1.3333333333333333,8,6,2,3,5,0,2.6666666666666665,2.0548046676563256,2,5,1,0,0,0,0,0,0.8888888888888888,1.594744454934147,6.0,2.0,0.0,0.0,2.0,2.449489742783178
230,4 feb 2023,5,3,5,1.25,5,3,2,5,0,0,1.6666666666666667,2.3570226039551585,5,0,0,0,0,0,0,0,0.5555555555555556,1.5713484026367726,3.0,2.0,0.0,0.0,1.25,1.299038105676658
231,5 feb 2023,2,2,2,1.0,2,2,0,1,1,0,0.6666666666666666,0.4714045207910317,1,1,0,0,0,0,0,0,0.2222222222222222,0.41573970964154905,0.0,1.0,0.0,1.0,0.5,0.5
232,6 feb 2023,10,5,8,1.125,9,10,0,5,5,0,3.333333333333333,2.3570226039551585,4,5,1,0,0,0,0,0,1.1111111111111112,1.8525924445036743,7.0,3.0,0.0,0.0,2.5,2.8722813232690143
233,7 feb 2023,17,5,5,1.2,6,16,1,13,4,0,5.666666666666668,5.436502143433364,13,4,0,0,0,0,0,0,1.8888888888888888,4.1216082202203115,2.0,12.0,3.0,0.0,4.25,4.602988159880492
234,8 feb 2023,9,4,6,1.1666666666666667,7,9,0,4,5,0,3.0,2.160246899469287,4,5,0,0,0,0,0,0,1.0,1.8856180831641267,2.0,7.0,0.0,0.0,2.25,2.8613807855648994
235,9 feb 2023,8,4,6,1.2,6,8,0,3,5,0,2.6666666666666665,2.0548046676563256,3,5,0,0,0,0,0,0,0.8888888888888888,1.7284832429004493,6.0,1.0,1.0,0.0,2.0,2.345207879911715
236,10 feb 2023,8,2,3,2.0,4,8,0,2,6,0,2.6666666666666665,2.494438257849294,2,6,0,0,0,0,0,0,0.8888888888888888,1.911627837120584,1.0,7.0,0.0,0.0,2.0,2.9154759474226504
237,11 feb 2023,4,3,3,1.0,3,4,0,0,4,0,1.3333333333333333,1.8856180831641267,0,4,0,0,0,0,0,0,0.4444444444444444,1.2570787221094182,0.0,4.0,0.0,0.0,1.0,1.7320508075688772
238,12 feb 2023,8,4,5,1.2,6,7,1,1,7,0,2.6666666666666665,3.091206165165235,1,7,0,0,0,0,0,0,0.8888888888888888,2.1829869671542785,6.0,2.0,0.0,0.0,2.0,2.449489742783178
239,13 feb 2023,10,4,6,1.6,8,8,2,1,9,0,3.333333333333333,4.027681991198191,1,9,0,0,0,0,0,0,1.1111111111111112,2.806517986736687,10.0,0.0,0.0,0.0,2.5,4.330127018922194
240,14 feb 2023,21,5,7,1.0,7,18,3,2,19,0,7.0,8.524474568362947,2,19,0,0,0,0,0,0,2.333333333333333,5.92546294487706,12.0,9.0,0.0,0.0,5.25,5.3560713214071365
241,15 feb 2023,13,4,6,1.1666666666666667,7,11,2,2,11,0,4.333333333333333,4.784233364802442,2,10,0,0,1,0,0,0,1.4444444444444444,3.0951973949298037,2.0,9.0,2.0,0.0,3.25,3.418698582794337
242,16 feb 2023,16,5,7,1.1428571428571428,8,13,3,1,15,0,5.333333333333333,6.847546194724712,1,15,0,0,0,0,0,0,1.7777777777777777,4.685148587179559,10.0,5.0,0.0,1.0,4.0,3.9370039370059056
243,17 feb 2023,29,17,22,1.2857142857142858,27,26,3,11,18,0,9.666666666666666,7.4087035902976215,11,15,0,0,3,0,0,0,3.2222222222222223,5.390893098092536,19.0,7.0,3.0,0.0,7.25,7.224091638399946
244,18 feb 2023,1,1,1,1.0,1,0,1,0,1,0,0.3333333333333333,0.4714045207910317,0,1,0,0,0,0,0,0,0.1111111111111111,0.3142696805273545,1.0,0.0,0.0,0.0,0.25,0.4330127018922193
245,19 feb 2023,1,1,1,1.0,1,1,0,1,0,0,0.3333333333333333,0.4714045207910317,1,0,0,0,0,0,0,0,0.1111111111111111,0.3142696805273545,0.0,1.0,0.0,0.0,0.25,0.4330127018922193
246,20 feb 2023,3,3,3,1.0,3,1,2,3,0,0,1.0,1.4142135623730951,2,0,1,0,0,0,0,0,0.3333333333333333,0.6666666666666666,2.0,0.0,1.0,0.0,0.75,0.82915619758885
247,21 feb 2023,4,4,4,1.0,4,1,3,3,1,0,1.3333333333333333,1.247219128924647,2,1,1,0,0,0,0,0,0.4444444444444444,0.6849348892187752,3.0,1.0,0.0,0.0,1.0,1.224744871391589
248,22 feb 2023,11,9,10,1.0,10,10,1,4,7,0,3.6666666666666665,2.867441755680876,3,7,1,0,0,0,0,0,1.2222222222222223,2.2498285257018438,0.0,10.0,1.0,0.0,2.75,4.205650960315181
249,23 feb 2023,12,10,10,1.2,12,8,4,10,2,0,4.0,4.320493798938574,10,2,0,0,0,0,0,0,1.3333333333333333,3.1269438398822853,4.0,8.0,0.0,0.0,3.0,3.3166247903554
250,24 feb 2023,7,6,6,1.0,6,4,3,6,1,0,2.333333333333333,2.6246692913372702,4,1,2,0,0,0,0,0,0.7777777777777778,1.314684396244359,3.0,4.0,0.0,0.0,1.75,1.7853571071357126
251,25 feb 2023,13,10,11,1.1,11,8,5,7,6,0,4.333333333333333,3.0912061651652345,7,6,0,0,0,0,0,0,1.4444444444444444,2.7125679146074893,1.0,11.0,0.0,1.0,3.25,4.493050188902857
252,26 feb 2023,15,8,10,1.625,13,5,10,12,3,0,5.0,5.0990195135927845,12,2,1,0,0,0,0,0,1.6666666666666667,3.711842908553348,1.0,14.0,0.0,0.0,3.75,5.931905258852336
253,27 feb 2023,30,19,25,1.173913043478261,27,22,8,17,13,0,10.0,7.25718035235908,17,12,0,1,0,0,0,0,3.333333333333333,6.091888960832352,13.0,16.0,1.0,0.0,7.5,7.088723439378913
254,28 feb 2023,41,17,22,1.1904761904761905,25,33,8,25,15,1,13.666666666666664,9.843215373488931,24,15,2,0,0,0,0,0,4.5555555555555545,8.288024977320676,18.0,17.0,6.0,0.0,10.25,7.562241731127088
255,1 mar 2023,43,19,24,1.1904761904761905,25,39,4,35,8,0,14.333333333333336,14.974051630144135,35,8,0,0,0,0,0,0,4.777777777777779,10.972468351669786,6.0,23.0,14.0,0.0,10.75,8.642193008721803
256,2 mar 2023,39,22,27,1.24,31,36,3,24,13,2,13.0,8.981462390204989,26,13,0,0,0,0,0,0,4.333333333333333,8.666666666666668,9.0,29.0,0.0,1.0,9.75,11.648497757221744
257,3 mar 2023,39,11,15,1.1428571428571428,16,36,3,11,28,0,13.0,11.51810169544733,9,28,1,1,0,0,0,0,4.333333333333333,8.806563209081936,18.0,20.0,1.0,0.0,9.75,9.283722313813572
258,4 mar 2023,11,6,6,1.0,6,8,3,10,1,0,3.6666666666666665,4.496912521077348,10,0,0,0,1,0,0,0,1.2222222222222223,3.119037521692933,6.0,5.0,0.0,0.0,2.75,2.7726341266023544
259,5 mar 2023,16,7,11,1.7142857142857142,12,10,6,6,10,0,5.333333333333333,4.109609335312651,6,4,0,6,0,0,0,0,1.7777777777777777,2.5724082006200497,3.0,13.0,0.0,0.0,4.0,5.338539126015656
260,6 mar 2023,31,18,20,1.2777777777777777,23,24,7,19,12,0,10.333333333333334,7.84573486395988,15,12,4,0,0,0,0,0,3.4444444444444446,5.559998223643024,12.0,16.0,3.0,0.0,7.75,6.495190528383289
261,7 mar 2023,19,10,15,1.0666666666666669,16,14,5,10,9,0,6.333333333333332,4.496912521077347,8,9,2,0,0,0,0,0,2.1111111111111107,3.4783279649996732,11.0,8.0,0.0,0.0,4.75,4.866980583482946
262,8 mar 2023,29,13,16,1.2,18,24,5,16,13,0,9.666666666666666,6.944222218666552,13,13,3,0,0,0,0,0,3.2222222222222223,5.30780929444275,17.0,5.0,7.0,0.0,7.25,6.179603547154138
263,9 mar 2023,12,6,12,1.5,12,9,3,7,5,0,4.0,2.943920288775949,7,5,0,0,0,0,0,0,1.3333333333333333,2.5385910352879693,7.0,5.0,0.0,0.0,3.0,3.0822070014844885
264,10 mar 2023,25,14,18,1.1176470588235294,19,24,1,12,12,1,8.333333333333334,5.1854497287013475,13,12,0,0,0,0,0,0,2.7777777777777777,5.202088849208722,14.0,8.0,3.0,0.0,6.25,5.3091901453988255
265,11 mar 2023,11,5,5,1.2,6,7,4,5,6,0,3.6666666666666665,2.6246692913372702,5,6,0,0,0,0,0,0,1.2222222222222223,2.2986845406196887,8.0,3.0,0.0,0.0,2.75,3.2691742076555053
266,12 mar 2023,8,6,6,1.1666666666666667,7,2,6,5,3,0,2.6666666666666665,2.0548046676563256,5,0,0,3,0,0,0,0,0.8888888888888888,1.7284832429004493,1.0,7.0,0.0,0.0,2.0,2.9154759474226504
267,13 mar 2023,20,9,12,1.1666666666666667,14,17,3,7,13,0,6.666666666666668,5.312459150169743,5,12,2,1,0,0,0,0,2.2222222222222223,3.7940824619919726,11.0,6.0,3.0,0.0,5.0,4.0620192023179795
268,14 mar 2023,17,7,10,1.4444444444444444,13,15,2,10,6,1,5.666666666666668,3.6817870057290873,10,6,1,0,0,0,0,0,1.8888888888888888,3.41384255460827,14.0,1.0,1.0,1.0,4.25,5.629165124598851
269,15 mar 2023,49,23,27,1.1538461538461535,30,48,1,27,20,2,16.333333333333332,10.530379332620877,22,20,7,0,0,0,0,0,5.4444444444444455,8.60376030338042,21.0,15.0,13.0,0.0,12.25,7.6607767230222805
270,16 mar 2023,36,14,23,1.0909090909090908,24,30,6,27,9,0,12.0,11.224972160321824,26,8,1,0,1,0,0,0,4.0,8.151346173758322,8.0,24.0,4.0,0.0,9.0,9.110433579144301
271,17 mar 2023,24,7,14,1.25,15,22,2,7,17,0,8.0,6.97614984548545,7,16,0,0,1,0,0,0,2.6666666666666665,5.1854497287013475,8.0,11.0,4.0,1.0,6.0,3.8078865529319534
272,18 mar 2023,29,14,17,1.125,18,25,4,18,11,0,9.666666666666666,7.4087035902976215,18,11,0,0,0,0,0,0,3.2222222222222223,6.249938271300106,9.0,16.0,4.0,0.0,7.25,5.9739015726742615
273,19 mar 2023,13,9,10,1.0,10,6,7,10,2,1,4.333333333333333,4.027681991198191,7,2,4,0,0,0,0,0,1.4444444444444444,2.362254625052144,2.0,10.0,1.0,0.0,3.25,3.960744879438715
274,20 mar 2023,30,16,22,1.25,25,27,3,17,13,0,10.0,7.25718035235908,12,11,5,0,2,0,0,0,3.333333333333333,4.642796092394706,21.0,8.0,1.0,0.0,7.5,8.381527307120106
275,21 mar 2023,27,15,18,1.0555555555555556,19,21,6,24,3,0,9.0,10.677078252031311,22,3,2,0,0,0,0,0,3.0,6.79869268479038,13.0,14.0,0.0,0.0,6.75,6.759252917297888
276,22 mar 2023,24,12,16,1.4285714285714286,20,24,0,13,11,0,8.0,5.715476066494082,13,10,0,0,1,0,0,0,2.6666666666666665,4.784233364802442,16.0,7.0,1.0,0.0,6.0,6.363961030678928
277,23 mar 2023,20,13,15,1.1428571428571428,16,18,2,12,8,0,6.666666666666668,4.988876515698588,12,8,0,0,0,0,0,0,2.2222222222222223,4.2629613540557525,10.0,10.0,0.0,0.0,5.0,5.0
278,24 mar 2023,5,5,5,1.0,5,2,3,4,1,0,1.6666666666666667,1.699673171197595,4,1,0,0,0,0,0,0,0.5555555555555556,1.2570787221094182,3.0,2.0,0.0,0.0,1.25,1.299038105676658
279,25 mar 2023,10,9,10,1.0,10,4,6,8,2,0,3.333333333333333,3.39934634239519,8,1,0,0,1,0,0,0,1.1111111111111112,2.469567863432541,4.0,6.0,0.0,0.0,2.5,2.598076211353316
280,26 mar 2023,14,12,14,1.0769230769230769,14,4,10,10,3,1,4.666666666666667,3.858612300930076,10,2,0,0,2,0,0,0,1.5555555555555556,3.0951973949298037,2.0,10.0,2.0,0.0,3.5,3.8405728739343035
281,27 mar 2023,9,8,9,1.125,9,7,2,6,3,0,3.0,2.449489742783178,4,3,2,0,0,0,0,0,1.0,1.4907119849998598,2.0,6.0,1.0,0.0,2.25,2.2776083947860752
282,28 mar 2023,18,10,14,1.0769230769230769,14,14,4,10,7,1,6.0,3.741657386773941,11,6,0,0,1,0,0,0,2.0,3.681787005729087,8.0,8.0,1.0,1.0,4.5,3.5
283,29 mar 2023,27,13,17,1.1333333333333333,17,19,8,14,13,0,9.0,6.3770421565696624,13,13,1,0,0,0,0,0,3.0,5.354126134736337,5.0,19.0,2.0,1.0,6.75,7.224091638399946
284,30 mar 2023,19,13,19,1.1176470588235294,19,15,4,10,9,0,6.333333333333332,4.496912521077347,10,8,0,0,1,0,0,0,2.1111111111111107,3.725123247608935,8.0,9.0,2.0,0.0,4.75,3.8324274291889733
285,31 mar 2023,99,8,15,1.2857142857142858,18,97,2,43,56,0,33.0,23.930454794396763,43,47,0,0,9,0,0,0,11.0,18.408935028645434,6.0,91.0,2.0,0.0,24.75,38.31040981247785
286,1 abr 2023,22,8,9,1.0,9,18,4,5,17,0,7.333333333333332,7.1336448530109005,5,17,0,0,0,0,0,0,2.4444444444444446,5.3771349478057155,1.0,21.0,0.0,0.0,5.5,8.958236433584457
287,2 abr 2023,15,11,13,1.181818181818182,13,7,8,13,1,1,5.0,5.656854249492381,11,1,3,0,0,0,0,0,1.6666666666666667,3.4318767136623327,4.0,8.0,3.0,0.0,3.75,2.8613807855648994
288,3 abr 2023,24,11,13,1.2727272727272727,14,23,1,15,9,0,8.0,6.164414002968977,15,5,1,3,0,0,0,0,2.6666666666666665,4.666666666666667,10.0,6.0,8.0,0.0,6.0,3.741657386773941
289,4 abr 2023,30,15,17,1.0,17,20,10,17,11,2,10.0,6.164414002968977,15,10,4,0,1,0,0,0,3.333333333333333,5.1854497287013475,9.0,18.0,3.0,0.0,7.5,6.87386354243376
290,5 abr 2023,13,11,13,1.0,13,11,2,9,4,0,4.333333333333333,3.6817870057290873,9,4,0,0,0,0,0,0,1.4444444444444444,2.9481109247603547,5.0,8.0,0.0,0.0,3.25,3.418698582794337
291,6 abr 2023,10,6,6,1.0,6,6,4,3,7,0,3.333333333333333,2.867441755680876,2,7,0,1,0,0,0,0,1.1111111111111112,2.182986967154278,7.0,3.0,0.0,0.0,2.5,2.8722813232690143
292,7 abr 2023,9,6,6,1.0,6,7,2,1,8,0,3.0,3.559026084010437,1,8,0,0,0,0,0,0,1.0,2.494438257849294,3.0,5.0,0.0,1.0,2.25,1.9202864369671517
293,8 abr 2023,13,10,12,1.181818181818182,13,9,4,5,8,0,4.333333333333333,3.2998316455372216,5,8,0,0,0,0,0,0,1.4444444444444444,2.793290019994785,6.0,7.0,0.0,0.0,3.25,3.2691742076555053
294,9 abr 2023,19,2,3,1.0,3,18,1,12,7,0,6.333333333333332,4.9216076867444665,12,7,0,0,0,0,0,0,2.1111111111111107,4.1216082202203115,8.0,11.0,0.0,0.0,4.75,4.866980583482946
295,10 abr 2023,5,4,4,1.0,4,4,1,1,4,0,1.6666666666666667,1.699673171197595,1,3,0,1,0,0,0,0,0.5555555555555556,0.955813918560292,3.0,2.0,0.0,0.0,1.25,1.299038105676658
296,11 abr 2023,6,5,8,1.3333333333333333,8,6,0,2,4,0,2.0,1.6329931618554518,1,2,1,1,1,0,0,0,0.6666666666666666,0.6666666666666667,2.0,3.0,1.0,0.0,1.5,1.118033988749895
297,12 abr 2023,58,28,35,1.2647058823529411,43,57,1,32,26,0,19.33333333333333,13.888444437333105,32,20,0,0,6,0,0,0,6.4444444444444455,10.98596186160736,41.0,16.0,1.0,0.0,14.5,16.560495161679196
298,13 abr 2023,30,13,17,1.125,18,30,0,24,6,0,10.0,10.198039027185569,23,6,1,0,0,0,0,0,3.333333333333333,7.1956777149743,6.0,17.0,7.0,0.0,7.5,6.103277807866851
299,14 abr 2023,18,9,16,1.2,18,16,2,9,9,0,6.0,4.242640687119285,9,7,0,0,2,0,0,0,2.0,3.2998316455372216,6.0,7.0,5.0,0.0,4.5,2.6925824035672523
300,15 abr 2023,10,4,6,1.0,6,10,0,8,2,0,3.333333333333333,3.39934634239519,8,2,0,0,0,0,0,0,1.1111111111111112,2.5141574442188364,1.0,8.0,0.0,1.0,2.5,3.2015621187164243
301,16 abr 2023,17,12,14,1.0,14,10,7,15,2,0,5.666666666666668,6.649979114419999,15,2,0,0,0,0,0,0,1.8888888888888888,4.6772367066331535,3.0,11.0,3.0,0.0,4.25,4.085033659592049
302,17 abr 2023,22,14,16,1.2142857142857142,17,21,1,15,6,1,7.333333333333332,5.792715732327589,13,6,3,0,0,0,0,0,2.4444444444444446,4.2192972324550055,9.0,12.0,0.0,1.0,5.5,5.123475382979799
303,18 abr 2023,23,11,12,1.0,12,21,2,20,3,0,7.666666666666668,8.806563209081936,20,3,0,0,0,0,0,0,2.555555555555556,6.238075043385867,15.0,2.0,6.0,0.0,5.75,5.7608593109014565
304,19 abr 2023,22,14,15,1.0714285714285714,15,22,0,10,12,0,7.333333333333332,5.2493385826745405,9,9,1,0,3,0,0,0,2.4444444444444446,3.6243347622889086,6.0,15.0,1.0,0.0,5.5,5.937171043518957
305,20 abr 2023,41,9,14,1.3076923076923077,17,36,5,3,38,0,13.666666666666664,17.249798710580812,2,16,1,0,22,0,0,0,4.5555555555555545,7.875575620741932,16.0,25.0,0.0,0.0,10.25,10.73254396683284
306,21 abr 2023,27,6,8,1.4285714285714286,10,27,0,9,18,0,9.0,7.3484692283495345,9,3,0,0,15,0,0,0,3.0,5.0990195135927845,5.0,17.0,5.0,0.0,6.75,6.2599920127744575
307,22 abr 2023,40,10,11,1.181818181818182,13,34,6,13,26,1,13.333333333333336,10.208928554075703,14,26,0,0,0,0,0,0,4.4444444444444455,8.782699042386449,9.0,31.0,0.0,0.0,10.0,12.668859459319927
308,23 abr 2023,52,14,18,1.2777777777777777,23,47,5,13,39,0,17.333333333333332,16.21384867602041,14,38,0,0,0,0,0,0,5.777777777777778,12.199979761165158,8.0,35.0,9.0,0.0,13.0,13.171939872319493
309,24 abr 2023,27,12,18,1.4,21,24,3,15,12,0,9.0,6.4807406984078595,15,9,0,2,1,0,0,0,3.0,5.055250296034367,15.0,8.0,4.0,0.0,6.75,5.539629951540085
310,25 abr 2023,11,8,9,1.375,11,4,7,8,3,0,3.6666666666666665,3.2998316455372216,8,3,0,0,0,0,0,0,1.2222222222222223,2.5724082006200506,4.0,7.0,0.0,0.0,2.75,2.9474565306378993
311,26 abr 2023,41,11,16,1.2857142857142858,18,38,3,28,13,0,13.666666666666664,11.440668201153677,27,8,1,1,4,0,0,0,4.5555555555555545,8.328146533974893,14.0,26.0,1.0,0.0,10.25,10.638961415476606
312,27 abr 2023,89,27,32,1.2258064516129032,38,86,3,26,63,0,29.66666666666667,25.84999462712173,24,57,2,0,6,0,0,0,9.888888888888891,18.211378887598123,20.0,66.0,3.0,0.0,22.25,26.385365261826486
313,28 abr 2023,27,9,14,1.5,18,24,3,16,11,0,9.0,6.683312551921141,14,7,2,0,4,0,0,0,3.0,4.521553322083512,9.0,14.0,4.0,0.0,6.75,5.261891294962297
314,29 abr 2023,42,17,22,1.5,30,40,2,30,12,0,14.0,12.328828005937954,28,10,1,0,2,1,0,0,4.666666666666667,8.781293248212995,37.0,4.0,1.0,0.0,10.5,15.370426148939398
315,30 abr 2023,31,6,12,2.0,16,30,1,16,15,0,10.333333333333334,7.318166133366716,16,15,0,0,0,0,0,0,3.4444444444444446,6.448274723798628,28.0,3.0,0.0,0.0,7.75,11.755317945508747
316,1 may 2023,14,3,6,1.4,7,14,0,11,3,0,4.666666666666667,4.642796092394708,11,3,0,0,0,0,0,0,1.5555555555555556,3.4676636742949403,12.0,2.0,0.0,0.0,3.5,4.9749371855331
317,2 may 2023,64,23,29,1.4615384615384617,38,52,12,41,23,0,21.33333333333333,16.77961726487096,36,23,5,0,0,0,0,0,7.111111111111112,12.449403773714936,33.0,27.0,4.0,0.0,16.0,14.230249470757705
318,3 may 2023,108,32,47,1.5476190476190477,65,100,8,64,44,0,36.0,26.733250207684563,55,41,9,1,2,0,0,0,12.0,19.708993998792643,55.0,41.0,12.0,0.0,27.0,21.988633427296023
319,4 may 2023,87,24,41,1.75,56,85,2,70,17,0,29.0,29.81051268708183,68,17,2,0,0,0,0,0,9.666666666666666,21.281186266016487,42.0,42.0,3.0,0.0,21.75,20.27775875189366
320,5 may 2023,43,8,23,1.8125,29,35,8,20,23,0,14.333333333333336,10.208928554075703,17,23,3,0,0,0,0,0,4.777777777777779,8.310338645028956,36.0,7.0,0.0,0.0,10.75,14.85555451674558
321,6 may 2023,94,32,39,1.1666666666666667,42,82,12,66,28,0,31.33333333333333,27.047283700134397,63,26,3,0,2,0,0,0,10.444444444444443,20.21061938196029,54.0,33.0,7.0,0.0,23.5,21.476731594914533
322,7 may 2023,37,13,21,2.0,28,33,4,21,16,0,12.333333333333336,8.956685895029599,21,15,0,1,0,0,0,0,4.111111111111111,7.563721077830004,14.0,20.0,2.0,1.0,9.25,8.042853971072706
323,8 may 2023,67,25,34,1.6428571428571428,46,58,9,44,23,0,22.33333333333333,17.96910929592474,40,23,4,0,0,0,0,0,7.4444444444444455,13.524554715291504,25.0,32.0,9.0,1.0,16.75,12.336429791475327
324,9 may 2023,54,28,41,1.7931034482758617,52,47,7,35,19,0,18.0,14.30617582258329,31,19,4,0,0,0,0,0,6.0,10.614455552060438,23.0,27.0,3.0,1.0,13.5,11.608186766243902
325,10 may 2023,76,29,41,1.3783783783783785,51,69,7,54,22,0,25.33333333333333,22.17105219775452,47,13,6,2,8,0,0,0,8.444444444444445,14.299270463994628,38.0,28.0,10.0,0.0,19.0,14.866068747318506
326,11 may 2023,85,29,44,1.5135135135135136,56,75,10,49,35,1,28.33333333333333,20.15495527710797,45,35,5,0,0,0,0,0,9.444444444444443,16.573815433529223,35.0,37.0,13.0,0.0,21.25,15.465687828221546
327,12 may 2023,56,15,30,1.9130434782608696,44,48,8,37,19,0,18.666666666666668,15.107025591499548,33,15,4,3,1,0,0,0,6.222222222222222,10.496325047661816,32.0,18.0,2.0,4.0,14.0,12.083045973594572
328,13 may 2023,100,37,49,1.5714285714285714,66,98,2,77,23,0,33.333333333333336,32.27313984655902,74,23,2,0,1,0,0,0,11.111111111111109,23.330687680699015,45.0,15.0,25.0,15.0,25.0,12.247448713915892
329,14 may 2023,38,14,26,1.6,32,36,2,33,4,1,12.666666666666664,14.42990721460891,30,4,3,1,0,0,0,0,4.222222222222221,9.222891541976505,20.0,10.0,7.0,1.0,9.5,6.87386354243376
330,15 may 2023,36,12,26,2.0,34,33,3,20,16,0,12.0,8.640987597877148,18,16,2,0,0,0,0,0,4.0,6.992058987801009,23.0,9.0,4.0,0.0,9.0,8.689073598491383
331,16 may 2023,105,40,50,1.4545454545454546,64,96,9,85,19,1,35.0,36.11094017053558,83,14,3,0,5,0,0,0,11.666666666666664,25.59079695689231,43.0,34.0,28.0,0.0,26.25,16.068213964221414
332,17 may 2023,72,31,43,1.4,49,67,5,49,23,0,24.0,20.016659728003237,48,23,1,0,0,0,0,0,8.0,15.839472494022296,34.0,29.0,9.0,0.0,18.0,13.982131454109563
333,18 may 2023,108,34,47,1.575,63,104,4,77,23,8,36.0,29.631064780058107,81,23,4,0,0,0,0,0,12.0,25.407785333546013,70.0,37.0,1.0,0.0,27.0,28.95686447114052
334,19 may 2023,70,16,28,1.6363636363636365,36,67,3,50,20,0,23.33333333333333,20.548046676563253,47,12,3,0,8,0,0,0,7.777777777777778,14.458967058371137,42.0,18.0,10.0,0.0,17.5,15.516120649182902
335,20 may 2023,109,48,59,1.3888888888888888,75,105,4,99,10,0,36.333333333333336,44.4996878890428,90,6,9,1,3,0,0,0,12.111111111111109,27.702564840921003,20.0,67.0,14.0,8.0,27.25,23.33854108550918
336,21 may 2023,39,12,21,1.7857142857142858,25,28,11,36,2,1,13.0,16.2685791225499,36,2,1,0,0,0,0,0,4.333333333333333,11.215069227507147,30.0,8.0,0.0,1.0,9.75,12.090802289343747
337,22 may 2023,65,18,35,1.4615384615384617,38,60,5,52,13,0,21.66666666666667,22.095751225568733,51,12,1,0,1,0,0,0,7.222222222222222,15.90791401771652,22.0,42.0,0.0,1.0,16.25,17.268106439329127
338,23 may 2023,78,27,36,1.3548387096774193,42,66,12,48,30,0,26.0,19.798989873223327,46,30,2,0,0,0,0,0,8.666666666666666,16.13829124921361,26.0,20.0,30.0,2.0,19.5,10.712142642814275
339,24 may 2023,62,22,31,1.5769230769230769,41,53,9,41,21,0,20.666666666666668,16.73983937265296,28,21,13,0,0,0,0,0,6.888888888888888,10.364945671127858,34.0,23.0,5.0,0.0,15.5,13.683932183404007
340,25 may 2023,40,10,15,1.3333333333333333,16,28,12,19,20,1,13.333333333333336,8.73053390247253,13,20,7,0,0,0,0,0,4.4444444444444455,6.9938244363805415,17.0,13.0,10.0,0.0,10.0,6.284902544988268
341,26 may 2023,9,3,6,3.0,9,8,1,8,1,0,3.0,3.559026084010437,8,1,0,0,0,0,0,0,1.0,2.494438257849294,9.0,0.0,0.0,0.0,2.25,3.897114317029974
342,29 may 2023,50,18,27,1.5,33,43,7,25,24,1,16.666666666666668,11.08552609887726,25,19,1,1,4,0,0,0,5.5555555555555545,8.98283685840344,21.0,29.0,0.0,0.0,12.5,12.816005617976296
343,30 may 2023,62,25,38,1.9655172413793105,57,51,11,35,27,0,20.666666666666668,14.974051630144135,27,26,8,0,1,0,0,0,6.888888888888888,10.7645967509181,24.0,31.0,7.0,0.0,15.5,12.5
344,31 may 2023,37,10,16,1.4615384615384617,19,32,5,27,10,0,12.333333333333336,11.145502331533658,20,9,7,0,1,0,0,0,4.111111111111111,6.488356142513969,25.0,12.0,0.0,0.0,9.25,10.328964130056796
345,1 jun 2023,78,30,41,1.3055555555555556,47,74,4,57,21,0,26.0,23.53720459187964,51,21,6,0,0,0,0,0,8.666666666666666,16.336734339790464,35.0,42.0,1.0,0.0,19.5,19.1637678967368
346,2 jun 2023,56,18,31,1.3793103448275863,40,50,6,37,19,0,18.666666666666668,15.107025591499548,34,18,3,0,1,0,0,0,6.222222222222222,11.262304656367604,38.0,12.0,5.0,1.0,14.0,14.404860290887935
347,3 jun 2023,113,28,38,1.5882352941176472,54,102,11,99,14,0,37.66666666666666,43.744205965539656,94,9,5,0,5,0,0,0,12.555555555555555,28.96016847369317,36.0,61.0,15.0,1.0,28.25,22.642603648873948
348,4 jun 2023,57,13,28,1.6666666666666667,35,57,0,44,12,1,19.0,18.239152027072606,43,12,2,0,0,0,0,0,6.333333333333332,13.482498944104455,31.0,17.0,9.0,0.0,14.25,11.388041973930376
349,5 jun 2023,50,11,29,2.0526315789473686,39,46,4,29,20,1,16.666666666666668,11.671427600007732,24,18,6,2,0,0,0,0,5.5555555555555545,8.577892918052791,22.0,21.0,4.0,3.0,12.5,9.013878188659973
350,6 jun 2023,64,22,31,1.4285714285714286,40,45,19,32,32,0,21.33333333333333,15.084944665313015,27,28,5,3,1,0,0,0,7.111111111111112,11.019623349526613,33.0,28.0,2.0,1.0,16.0,14.611639196202455
351,7 jun 2023,47,13,26,1.9444444444444444,35,41,6,18,29,0,15.666666666666664,11.953614051360738,15,29,3,0,0,0,0,0,5.222222222222221,9.600668700990198,29.0,10.0,8.0,0.0,11.75,10.638961415476606
352,8 jun 2023,75,23,43,1.4848484848484849,49,72,3,49,26,0,25.0,20.016659728003237,45,23,4,0,3,0,0,0,8.333333333333334,14.734690736866893,43.0,27.0,5.0,0.0,18.75,17.297037318569902
353,9 jun 2023,32,9,18,2.0769230769230766,27,28,4,24,8,0,10.666666666666666,9.977753031397176,20,8,4,0,0,0,0,0,3.555555555555556,6.378977819736588,21.0,10.0,1.0,0.0,8.0,8.455767262643883
354,10 jun 2023,58,15,25,1.7142857142857142,36,50,8,42,16,0,19.33333333333333,17.30767331432956,42,12,0,0,4,0,0,0,6.4444444444444455,13.124287164651914,34.0,6.0,7.0,11.0,14.5,11.412712210513327
355,11 jun 2023,35,10,17,1.7272727272727273,19,35,0,16,17,2,11.666666666666664,6.847546194724712,18,17,0,0,0,0,0,0,3.888888888888889,7.279261935181865,24.0,9.0,1.0,1.0,8.75,9.390819985496474
356,12 jun 2023,44,12,21,2.066666666666667,31,41,3,15,28,1,14.666666666666664,11.025223605694153,14,28,2,0,0,0,0,0,4.888888888888889,9.242948596926857,34.0,10.0,0.0,0.0,11.0,13.892443989449804
357,13 jun 2023,57,20,30,1.5555555555555556,42,54,3,31,26,0,19.0,13.589211407093005,28,23,3,3,0,0,0,0,6.333333333333332,10.381607668264957,27.0,26.0,0.0,4.0,14.25,12.336429791475327
358,14 jun 2023,82,22,37,1.7857142857142858,50,70,12,34,48,0,27.33333333333333,20.15495527710797,33,44,2,0,3,0,0,0,9.111111111111109,15.954410358159375,52.0,27.0,2.0,1.0,20.5,20.958291915134687
359,15 jun 2023,74,20,37,1.6551724137931034,48,69,5,42,32,0,24.66666666666667,17.913371790059198,41,31,1,0,1,0,0,0,8.222222222222221,15.039043836167671,45.0,19.0,6.0,4.0,18.5,16.347782724271816
360,16 jun 2023,13,2,4,1.6666666666666667,5,12,1,11,2,0,4.333333333333333,4.784233364802442,10,2,1,0,0,0,0,0,1.4444444444444444,3.0951973949298037,4.0,9.0,0.0,0.0,3.25,3.6996621467371855
361,21 jun 2023,57,14,24,1.6842105263157894,32,55,2,33,24,0,19.0,13.92838827718412,31,21,2,3,0,0,0,0,6.333333333333332,10.821788720498617,24.0,23.0,8.0,2.0,14.25,9.496709956611287
362,22 jun 2023,21,4,14,2.1111111111111107,19,21,0,6,15,0,7.0,6.164414002968977,6,14,0,0,1,0,0,0,2.333333333333333,4.521553322083514,15.0,6.0,0.0,0.0,5.25,6.139014578904338
363,23 jun 2023,124,59,68,1.2575757575757576,83,118,6,94,29,1,41.333333333333336,38.95581542665428,93,26,2,0,3,0,0,0,13.777777777777779,29.115775707710906,35.0,88.0,0.0,1.0,31.0,35.798044639337505
364,24 jun 2023,48,12,27,1.8095238095238089,38,42,6,31,17,0,16.0,12.675435561221027,31,16,0,1,0,0,0,0,5.333333333333333,10.338708279513881,29.0,15.0,1.0,3.0,12.0,11.180339887498945
365,25 jun 2023,24,7,16,1.3846153846153846,18,22,2,17,7,0,8.0,6.97614984548545,17,5,0,1,1,0,0,0,2.6666666666666665,5.2915026221291805,15.0,9.0,0.0,0.0,6.0,6.363961030678928
366,26 jun 2023,32,9,22,1.9375,31,24,8,14,18,0,10.666666666666666,7.717224601860151,13,13,1,0,5,0,0,0,3.555555555555556,5.2728046745354105,21.0,8.0,3.0,0.0,8.0,8.031189202104505
367,27 jun 2023,57,19,35,1.6785714285714286,47,56,1,33,24,0,19.0,13.92838827718412,31,19,2,0,5,0,0,0,6.333333333333332,10.488088481701515,14.0,36.0,5.0,2.0,14.25,13.311179511974135
368,28 jun 2023,37,15,23,1.875,30,37,0,16,21,0,12.333333333333336,8.956685895029599,10,21,6,0,0,0,0,0,4.111111111111111,6.870944370551246,19.0,7.0,11.0,0.0,9.25,6.869315832017042
369,29 jun 2023,52,10,22,1.8333333333333333,33,52,0,21,31,0,17.333333333333332,12.918548250050733,21,31,0,0,0,0,0,0,5.777777777777778,11.063230167017002,27.0,13.0,12.0,0.0,13.0,9.565563234854496
370,30 jun 2023,60,15,28,1.9444444444444444,35,60,0,20,40,0,20.0,16.32993161855452,18,39,2,0,1,0,0,0,6.666666666666668,12.692955176439845,13.0,18.0,4.0,25.0,15.0,7.648529270389178
371,1 jul 2023,38,9,19,1.8461538461538465,24,37,1,30,8,0,12.666666666666664,12.684198393626964,30,8,0,0,0,0,0,0,4.222222222222221,9.449018500208576,20.0,6.0,10.0,2.0,9.5,6.689544080129826
372,2 jul 2023,18,4,12,1.75,14,18,0,6,12,0,6.0,4.898979485566356,6,12,0,0,0,0,0,0,2.0,4.0,12.0,1.0,0.0,5.0,4.5,4.716990566028302
373,3 jul 2023,157,11,27,2.0,34,155,2,14,143,0,52.33333333333334,64.36527704351849,14,141,0,0,2,0,0,0,17.444444444444443,43.89662379098094,29.0,16.0,5.0,107.0,39.25,40.02733441037512
374,4 jul 2023,110,11,27,1.608695652173913,37,106,4,23,87,0,36.66666666666666,36.80881536926839,20,83,3,0,4,0,0,0,12.222222222222221,25.754299653014908,37.0,18.0,0.0,55.0,27.5,20.573040611440984
375,5 jul 2023,53,7,21,1.7647058823529411,30,52,1,21,32,0,17.666666666666668,13.27487183449325,21,32,0,0,0,0,0,0,5.888888888888888,11.318072513997192,27.0,21.0,0.0,5.0,13.25,11.098986440211556
376,6 jul 2023,53,9,22,1.8666666666666667,28,52,1,35,18,0,17.666666666666668,14.29063407348401,35,18,0,0,0,0,0,0,5.888888888888888,11.723143723653314,32.0,19.0,2.0,0.0,13.25,13.102957681378658
377,7 jul 2023,32,12,22,1.3333333333333333,24,30,2,17,15,0,10.666666666666666,7.586537784494028,16,14,1,0,0,0,0,1,3.555555555555556,6.148371258780855,22.0,8.0,2.0,0.0,8.0,8.602325267042627
378,8 jul 2023,44,9,25,2.0,36,44,0,26,18,0,14.666666666666664,10.873004286866728,26,18,0,0,0,0,0,0,4.888888888888889,9.338622839755862,33.0,6.0,2.0,3.0,11.0,12.78671185254442
379,9 jul 2023,21,5,8,1.5,9,19,2,21,0,0,7.0,9.899494936611664,21,0,0,0,0,0,0,0,2.333333333333333,6.599663291074445,17.0,4.0,0.0,0.0,5.25,6.9776428684764324
380,10 jul 2023,18,9,15,1.7,17,15,3,13,5,0,6.0,5.354126134736337,12,4,1,1,0,0,0,0,2.0,3.741657386773941,9.0,9.0,0.0,0.0,4.5,4.5
381,11 jul 2023,38,5,17,2.2222222222222223,20,30,8,17,21,0,12.666666666666664,9.104333522498443,17,21,0,0,0,0,0,0,4.222222222222221,7.9551210309638885,31.0,7.0,0.0,0.0,9.5,12.737739202856993
382,12 jul 2023,15,4,9,1.8571428571428568,13,13,2,9,6,0,5.0,3.741657386773941,7,6,1,1,0,0,0,0,1.6666666666666667,2.6246692913372702,7.0,7.0,1.0,0.0,3.75,3.2691742076555053
383,13 jul 2023,31,10,15,1.5,18,15,16,6,25,0,10.333333333333334,10.656244908763853,6,25,0,0,0,0,0,0,3.4444444444444446,7.847308259115367,25.0,4.0,0.0,2.0,7.75,10.059199769365357
384,14 jul 2023,17,7,12,1.625,13,14,3,6,11,0,5.666666666666668,4.496912521077348,4,11,2,0,0,0,0,0,1.8888888888888888,3.4783279649996723,8.0,9.0,0.0,0.0,4.25,4.264680527307995
385,15 jul 2023,43,13,23,1.3888888888888888,25,36,7,25,18,0,14.333333333333336,10.530379332620877,23,18,2,0,0,0,0,0,4.777777777777779,8.508528764034065,33.0,6.0,0.0,4.0,10.75,13.026415470113028
386,16 jul 2023,57,7,15,1.2307692307692308,16,52,5,53,4,0,19.0,24.097026095903765,51,4,1,1,0,0,0,0,6.333333333333332,15.839472494022298,50.0,7.0,0.0,0.0,14.25,20.83716631406488
387,17 jul 2023,22,5,12,1.5555555555555556,14,20,2,12,10,0,7.333333333333332,5.2493385826745405,12,9,0,1,0,0,0,0,2.4444444444444446,4.374448818895451,8.0,6.0,5.0,3.0,5.5,1.8027756377319943
388,18 jul 2023,35,11,19,1.4705882352941178,25,30,5,20,15,0,11.666666666666664,8.498365855987974,18,15,2,0,0,0,0,0,3.888888888888889,6.805952369383801,28.0,6.0,0.0,1.0,8.75,11.344051304538429
389,19 jul 2023,9,4,10,2.0,12,9,0,1,8,0,3.0,3.559026084010437,1,8,0,0,0,0,0,0,1.0,2.494438257849294,5.0,3.0,0.0,1.0,2.25,1.9202864369671517
390,20 jul 2023,13,4,8,2.2,11,11,2,5,8,0,4.333333333333333,3.2998316455372216,5,8,0,0,0,0,0,0,1.4444444444444444,2.793290019994785,7.0,6.0,0.0,0.0,3.25,3.2691742076555053
391,21 jul 2023,5,1,5,1.5,6,4,1,2,3,0,1.6666666666666667,1.247219128924647,1,3,1,0,0,0,0,0,0.5555555555555556,0.955813918560292,3.0,2.0,0.0,0.0,1.25,1.299038105676658
392,22 jul 2023,26,7,11,2.0,18,23,3,16,10,0,8.666666666666666,6.599663291074443,15,10,1,0,0,0,0,0,2.888888888888889,5.279824164674098,11.0,14.0,0.0,1.0,6.5,6.103277807866851
393,23 jul 2023,23,6,13,1.5454545454545454,17,22,1,19,4,0,7.666666666666668,8.178562764256865,14,3,5,1,0,0,0,0,2.555555555555556,4.37444881889545,18.0,3.0,1.0,1.0,5.75,7.119515432949071
394,24 jul 2023,74,9,25,1.7368421052631582,33,70,4,40,34,0,24.66666666666667,17.613126418163873,19,31,21,0,3,0,0,0,8.222222222222221,11.370310049303141,53.0,18.0,0.0,3.0,18.5,21.0535032714273
395,25 jul 2023,61,12,25,1.6363636363636365,36,50,11,23,38,0,20.33333333333333,15.627610892974724,12,36,12,0,1,0,0,0,6.777777777777778,11.409331247105275,41.0,10.0,2.0,8.0,15.25,15.155444566227677
396,26 jul 2023,55,13,24,1.5789473684210529,30,53,2,24,30,1,18.33333333333333,12.498888839501786,25,30,0,0,0,0,0,0,6.111111111111112,11.493422703098444,26.0,11.0,5.0,13.0,13.75,7.6607767230222805
397,27 jul 2023,63,8,22,2.0588235294117645,35,58,5,14,49,0,21.0,20.607442021431645,12,44,2,0,5,0,0,0,7.0,13.613718571108091,29.0,12.0,2.0,20.0,15.75,9.959292143521044
398,28 jul 2023,33,8,20,1.75,28,25,8,14,19,0,11.0,8.04155872120988,13,19,1,0,0,0,0,0,3.6666666666666665,6.74948557710553,18.0,10.0,0.0,5.0,8.25,6.6473679001541655
399,29 jul 2023,66,19,35,1.8,45,62,4,49,17,0,22.0,20.314198646923455,48,17,1,0,0,0,0,0,7.333333333333332,15.311578770474467,32.0,23.0,6.0,5.0,16.5,11.456439237389601
400,30 jul 2023,38,8,13,2.0,20,35,3,22,16,0,12.666666666666664,9.285592184789412,22,16,0,0,0,0,0,0,4.222222222222221,8.024653371230128,9.0,27.0,2.0,0.0,9.5,10.641898326896381
401,31 jul 2023,70,17,32,1.4615384615384617,38,66,4,48,22,0,23.33333333333333,19.618585292749547,47,21,1,0,1,0,0,0,7.777777777777778,15.302706933943838,30.0,29.0,10.0,1.0,17.5,12.419742348374221
402,1 ago 2023,215,57,73,1.3428571428571427,94,194,21,142,73,0,71.66666666666667,57.97892337354632,129,71,13,1,1,0,0,0,23.88888888888889,43.097936131158676,62.0,129.0,9.0,15.0,53.75,48.04880331496301
403,2 ago 2023,118,24,45,1.9090909090909087,63,112,6,88,30,0,39.333333333333336,36.527006751473934,84,30,4,0,0,0,0,0,13.111111111111109,26.718468204780685,48.0,63.0,2.0,5.0,29.5,26.556543449779006
404,3 ago 2023,43,13,29,1.7142857142857142,36,39,4,25,18,0,14.333333333333336,10.530379332620877,22,17,3,0,1,0,0,0,4.777777777777779,8.010795185633746,25.0,10.0,4.0,4.0,10.75,8.5841423566947
405,4 ago 2023,31,9,18,1.7333333333333334,26,27,4,18,13,0,10.333333333333334,7.586537784494028,14,10,4,0,3,0,0,0,3.4444444444444446,4.878777422244477,15.0,11.0,5.0,0.0,7.75,5.717298313014637
406,5 ago 2023,40,5,16,1.5714285714285714,22,33,7,31,9,0,13.333333333333336,13.021349989749739,31,9,0,0,0,0,0,0,4.4444444444444455,9.79921891571082,32.0,7.0,1.0,0.0,10.0,12.98075498574717
407,6 ago 2023,16,6,14,2.0,18,14,2,8,7,1,5.333333333333333,3.0912061651652345,9,6,0,1,0,0,0,0,1.7777777777777777,3.154459903684087,11.0,4.0,0.0,1.0,4.0,4.301162633521313
408,7 ago 2023,73,10,29,1.565217391304348,36,70,3,50,23,0,24.33333333333333,20.434176165325468,49,22,1,0,1,0,0,0,8.11111111111111,15.968332859788074,43.0,29.0,1.0,0.0,18.25,18.430613120566555
409,8 ago 2023,42,9,23,2.2857142857142856,32,37,5,28,14,0,14.0,11.430952132988164,24,13,4,0,1,0,0,0,4.666666666666667,7.930251502246881,21.0,10.0,11.0,0.0,10.5,7.433034373659253
410,9 ago 2023,102,17,36,1.9629629629629632,53,90,12,51,51,0,34.0,24.041630560342607,45,37,6,3,11,0,0,0,11.333333333333336,16.34353422950835,44.0,30.0,27.0,1.0,25.5,15.532224567009068
411,10 ago 2023,86,21,39,1.7142857142857142,60,75,11,69,17,0,28.66666666666667,29.35226661700175,60,15,8,1,2,0,0,0,9.555555555555557,18.475876831462106,51.0,31.0,4.0,0.0,21.5,20.79062288629179
412,11 ago 2023,40,10,21,2.2857142857142856,32,28,12,26,14,0,13.333333333333336,10.624918300339486,18,13,8,0,1,0,0,0,4.4444444444444455,6.499762578759853,25.0,14.0,1.0,0.0,10.0,10.27131929208707
413,12 ago 2023,48,17,28,2.05,41,45,3,39,9,0,16.0,16.673332000533062,35,8,4,0,1,0,0,0,5.333333333333333,10.801234497346432,30.0,17.0,0.0,1.0,12.0,12.389511693363865
414,13 ago 2023,25,8,16,2.1111111111111107,19,21,4,23,2,0,8.333333333333334,10.402991022884825,21,2,1,1,0,0,0,0,2.7777777777777777,6.476929618573188,16.0,9.0,0.0,0.0,6.25,6.722164829874376
415,14 ago 2023,61,9,23,2.0588235294117645,35,56,5,24,37,0,20.33333333333333,15.3260852434302,20,32,4,0,5,0,0,0,6.777777777777778,10.809232450680275,45.0,8.0,1.0,7.0,15.25,17.383541066192468
416,15 ago 2023,71,17,31,1.5769230769230769,41,63,8,46,24,1,23.66666666666667,18.372685039360885,41,23,6,1,0,0,0,0,7.888888888888888,13.69058431059216,59.0,12.0,0.0,0.0,17.75,24.314347616170988
417,16 ago 2023,74,13,27,2.3,46,57,17,54,19,1,24.66666666666667,22.00504992546534,46,19,9,0,0,0,0,0,8.222222222222221,14.717923900829804,41.0,9.0,20.0,4.0,18.5,14.221462653327892
418,17 ago 2023,82,24,41,1.4285714285714286,50,81,1,64,17,1,27.33333333333333,26.73740617354064,64,16,1,0,1,0,0,0,9.111111111111109,20.019126656744184,33.0,44.0,5.0,0.0,20.5,18.5
419,18 ago 2023,64,12,27,1.6521739130434785,38,58,6,28,31,5,21.33333333333333,11.61416759345623,14,31,19,0,0,0,0,0,7.111111111111112,10.867325587838929,48.0,16.0,0.0,0.0,16.0,19.595917942265423
420,19 ago 2023,65,21,35,1.7307692307692308,45,60,5,48,17,0,21.66666666666667,19.87181141438517,38,16,10,1,0,0,0,0,7.222222222222222,12.163495274136894,34.0,25.0,6.0,0.0,16.25,13.790848414800301
421,20 ago 2023,22,5,15,1.6363636363636365,18,19,3,18,4,0,7.333333333333332,7.717224601860151,16,4,2,0,0,0,0,0,2.4444444444444446,4.969039949999534,8.0,11.0,1.0,2.0,5.5,4.153311931459037
422,21 ago 2023,21,7,15,1.5,18,17,4,14,7,0,7.0,5.715476066494082,12,6,2,0,1,0,0,0,2.333333333333333,3.8873012632302,12.0,2.0,5.0,2.0,5.25,4.085033659592049
423,22 ago 2023,46,13,27,1.8181818181818181,40,37,9,28,18,0,15.333333333333336,11.585431464655178,20,18,8,0,0,0,0,0,5.111111111111111,7.837863150465955,34.0,12.0,0.0,0.0,11.5,13.88344337691482
424,23 ago 2023,82,23,39,1.6774193548387095,52,77,5,51,31,0,27.33333333333333,20.98147330914162,45,29,6,0,2,0,0,0,9.111111111111109,15.487948321513615,30.0,41.0,11.0,0.0,20.5,15.976545308670456
425,24 ago 2023,180,64,72,1.2753623188405796,88,172,8,150,30,0,60.0,64.8074069840786,142,25,8,0,5,0,0,0,20.0,43.815268774455525,58.0,98.0,24.0,0.0,45.0,36.89173349139343
426,25 ago 2023,39,11,24,1.45,29,31,8,27,12,0,13.0,11.04536101718726,18,12,9,0,0,0,0,0,4.333333333333333,6.497862896539309,32.0,6.0,1.0,0.0,9.75,13.045593125649749
427,26 ago 2023,47,13,25,1.65,33,45,2,40,7,0,15.666666666666664,17.441967269268172,40,7,0,0,0,0,0,0,5.222222222222221,12.488018949535215,31.0,15.0,1.0,0.0,11.75,12.597122687344122
428,27 ago 2023,31,11,18,1.6,24,25,6,16,15,0,10.333333333333334,7.318166133366716,15,15,1,0,0,0,0,0,3.4444444444444446,6.184408911144776,24.0,7.0,0.0,0.0,7.75,9.807522622966516
429,28 ago 2023,47,11,22,1.9411764705882355,33,43,4,14,33,0,15.666666666666664,13.523641850067197,11,21,3,0,12,0,0,0,5.222222222222221,7.223076872508893,19.0,15.0,13.0,0.0,11.75,7.119515432949071
430,29 ago 2023,70,21,35,1.5333333333333334,46,60,10,45,25,0,23.33333333333333,18.408935028645434,36,23,9,1,1,0,0,0,7.777777777777778,12.308784377001093,39.0,22.0,9.0,0.0,17.5,14.671400751121212
431,30 ago 2023,25,9,17,2.0,22,22,3,19,6,0,8.333333333333334,7.930251502246879,16,6,3,0,0,0,0,0,2.7777777777777777,5.072316538005923,10.0,8.0,6.0,1.0,6.25,3.344772040064913
432,31 ago 2023,76,19,35,1.5,45,58,18,37,39,0,25.33333333333333,17.93197020841702,35,35,2,1,3,0,0,0,8.444444444444445,14.229164972072995,55.0,17.0,1.0,3.0,19.0,21.679483388678797
433,1 sept 2023,61,16,30,1.72,43,54,7,37,24,0,20.33333333333333,15.3260852434302,31,20,6,0,4,0,0,0,6.777777777777778,10.538582845670557,21.0,28.0,1.0,11.0,15.25,10.207227831296803
434,2 sept 2023,51,12,23,1.6666666666666667,30,48,3,40,11,0,17.0,16.872067646458348,40,11,0,0,0,0,0,0,5.666666666666668,12.61392528561633,21.0,26.0,3.0,1.0,12.75,10.917302780449024
435,3 sept 2023,20,4,13,1.4545454545454546,16,20,0,13,7,0,6.666666666666668,5.312459150169743,12,4,1,0,3,0,0,0,2.2222222222222223,3.7350525142159134,11.0,8.0,0.0,1.0,5.0,4.636809247747852
436,4 sept 2023,36,3,16,2.0,20,31,5,19,17,0,12.0,8.524474568362947,16,16,3,1,0,0,0,0,4.0,6.4807406984078595,24.0,12.0,0.0,0.0,9.0,9.9498743710662
437,5 sept 2023,49,13,24,1.7222222222222223,31,46,3,35,14,0,16.333333333333332,14.38363267359428,21,11,14,3,0,0,0,0,5.4444444444444455,7.455216087651667,34.0,10.0,5.0,0.0,12.25,13.045593125649749
438,6 sept 2023,58,25,36,1.4545454545454546,48,53,5,35,21,2,19.33333333333333,13.523641850067197,24,20,13,0,1,0,0,0,6.4444444444444455,9.262962222518368,34.0,20.0,3.0,1.0,14.5,13.462912017836262
439,7 sept 2023,97,25,43,2.1818181818181817,72,90,7,75,22,0,32.333333333333336,31.478387647541428,64,21,11,0,1,0,0,0,10.777777777777779,20.037618941368912,39.0,52.0,4.0,2.0,24.25,21.75287337341897
440,8 sept 2023,37,7,21,2.0,26,35,2,22,15,0,12.333333333333336,9.177266598624136,16,14,6,0,1,0,0,0,4.111111111111111,6.118177732416091,30.0,7.0,0.0,0.0,9.25,12.316147936753602
441,9 sept 2023,84,30,43,1.6285714285714286,57,70,14,63,21,0,28.0,26.19160170741759,63,18,0,1,2,0,0,0,9.333333333333334,19.759667113705248,41.0,42.0,0.0,1.0,21.0,20.506096654409877
442,10 sept 2023,33,7,15,2.272727272727273,25,28,5,21,12,0,11.0,8.602325267042627,17,12,4,0,0,0,0,0,3.6666666666666665,6.036923425424947,22.0,10.0,1.0,0.0,8.25,8.842369591913695
443,11 sept 2023,39,11,24,1.8235294117647056,31,30,9,29,10,0,13.0,12.027745701779144,24,9,5,1,0,0,0,0,4.333333333333333,7.557189365836423,30.0,8.0,0.0,1.0,9.75,12.090802289343747
444,12 sept 2023,31,9,18,1.9375,31,23,8,18,13,0,10.333333333333334,7.586537784494028,7,13,11,0,0,0,0,0,3.4444444444444446,5.079613089183316,24.0,6.0,1.0,0.0,7.75,9.65336728815391
445,13 sept 2023,115,28,44,1.4,56,109,6,96,19,0,38.333333333333336,41.50769674275952,85,19,11,0,0,0,0,0,12.777777777777779,26.32606556998333,82.0,32.0,1.0,0.0,28.75,33.32697856091968
446,14 sept 2023,106,32,51,1.5,63,98,8,66,38,2,35.333333333333336,26.195843605851326,60,37,8,0,1,0,0,0,11.777777777777779,20.508956188714656,69.0,32.0,5.0,0.0,26.5,27.39069184960468
447,15 sept 2023,52,13,30,1.9,38,47,5,39,13,0,17.333333333333332,16.21384867602041,36,12,3,0,1,0,0,0,5.777777777777778,11.301698768845696,31.0,8.0,12.0,1.0,13.0,11.113055385446437
448,16 sept 2023,50,14,25,1.75,35,45,5,34,16,0,16.666666666666668,13.888444437333105,34,15,0,0,1,0,0,0,5.5555555555555545,11.076613111628092,36.0,8.0,2.0,4.0,12.5,13.738631664034084
449,17 sept 2023,35,8,13,1.3333333333333333,16,31,4,24,11,0,11.666666666666664,9.809292646374773,23,10,1,1,0,0,0,0,3.888888888888889,7.415366094872702,27.0,6.0,2.0,0.0,8.75,10.755812382149477
450,18 sept 2023,59,20,35,1.6666666666666667,45,54,5,37,22,0,19.666666666666668,15.195028426721974,33,22,4,0,0,0,0,0,6.5555555555555545,11.557692110174086,41.0,18.0,0.0,0.0,14.75,16.843025262701477
451,19 sept 2023,68,21,32,1.5185185185185186,41,58,10,45,23,0,22.66666666666667,18.372685039360885,38,22,7,1,0,0,0,0,7.5555555555555545,12.7550522548789,54.0,11.0,3.0,0.0,17.0,21.737065119284164
452,20 sept 2023,123,36,54,1.5869565217391304,73,60,63,95,28,0,41.0,39.85808157283372,85,26,10,0,2,0,0,0,13.666666666666664,26.507860469428053,38.0,69.0,16.0,0.0,30.75,25.878321042911573
453,21 sept 2023,73,11,33,1.75,42,65,8,48,25,0,24.33333333333333,19.601587237318874,42,23,6,0,2,0,0,0,8.11111111111111,13.907986869616757,41.0,23.0,8.0,1.0,18.25,15.352117117844038
454,22 sept 2023,21,7,17,1.6666666666666667,20,17,4,10,11,0,7.0,4.966554808583781,7,11,3,0,0,0,0,0,2.333333333333333,3.80058475033046,10.0,9.0,1.0,1.0,5.25,4.264680527307995
455,23 sept 2023,30,8,17,1.9230769230769231,25,23,7,17,13,0,10.0,7.25718035235908,17,13,0,0,0,0,0,0,3.333333333333333,6.306962642808164,19.0,11.0,0.0,0.0,7.5,8.015609770940701
456,24 sept 2023,22,7,13,2.125,17,17,5,20,2,0,7.333333333333332,8.993825042154695,20,2,0,0,0,0,0,0,2.4444444444444446,6.238075043385866,12.0,10.0,0.0,0.0,5.5,5.54526825320471
457,25 sept 2023,73,17,32,1.8181818181818181,40,61,12,34,39,0,24.33333333333333,17.326921891156033,34,39,0,0,0,0,0,0,8.11111111111111,15.220194512149124,41.0,27.0,5.0,0.0,18.25,16.60383991732033
458,26 sept 2023,127,21,36,1.7419354838709675,54,104,23,81,43,3,42.333333333333336,31.846855766656493,81,39,3,0,4,0,0,0,14.111111111111109,26.48875838894029,43.0,74.0,10.0,0.0,31.75,29.12365876740077
459,27 sept 2023,55,17,33,1.6923076923076923,44,48,7,39,16,0,18.33333333333333,16.006942938057293,37,14,2,0,2,0,0,0,6.111111111111112,11.723143723653314,18.0,30.0,7.0,0.0,13.75,11.366067921669304
460,28 sept 2023,92,31,49,1.4634146341463414,60,83,9,57,34,1,30.66666666666667,22.9830855679176,55,32,3,0,2,0,0,0,10.222222222222221,18.62362763193142,51.0,34.0,6.0,1.0,23.0,20.48169914826404
461,29 sept 2023,59,8,24,2.357142857142857,33,36,23,39,20,0,19.666666666666668,15.923427883328246,38,11,1,0,9,0,0,0,6.5555555555555545,11.833202920512461,10.0,49.0,0.0,0.0,14.75,20.191272867256288
462,30 sept 2023,102,34,47,1.5128205128205128,59,97,5,83,19,0,34.0,35.50586805961328,83,17,0,0,2,0,0,0,11.333333333333336,25.8757715934338,22.0,69.0,11.0,0.0,25.5,26.29163365026981
463,1 oct 2023,40,18,28,1.7368421052631582,33,27,13,37,3,0,13.333333333333336,16.779617264870957,34,1,3,0,2,0,0,0,4.4444444444444455,10.49985302660218,1.0,25.0,12.0,2.0,10.0,9.669539802906858
464,2 oct 2023,49,16,33,2.1052631578947367,40,38,11,34,15,0,16.333333333333332,13.912424503139473,24,14,10,1,0,0,0,0,5.4444444444444455,8.207193472275284,29.0,11.0,5.0,4.0,12.25,10.034316120194738
465,3 oct 2023,56,13,28,2.1578947368421053,41,43,13,35,16,5,18.666666666666668,12.39175353029407,30,16,10,0,0,0,0,0,6.222222222222222,10.041887580173338,40.0,10.0,5.0,1.0,14.0,15.346009253222807
466,4 oct 2023,77,17,35,2.0,52,67,10,52,25,0,25.66666666666667,21.23414441151065,44,25,8,0,0,0,0,0,8.555555555555555,14.780701465169678,41.0,32.0,4.0,0.0,19.25,17.597940220378067
467,5 oct 2023,60,22,32,1.44,36,57,3,42,18,0,20.0,17.204650534085253,38,17,4,0,1,0,0,0,6.666666666666668,12.247448713915887,21.0,37.0,2.0,0.0,15.0,15.116216457830975
468,6 oct 2023,49,10,28,1.7368421052631582,33,45,4,26,23,0,16.333333333333332,11.61416759345623,25,19,1,2,2,0,0,0,5.4444444444444455,8.995197621337377,24.0,9.0,13.0,3.0,12.25,7.6607767230222805
469,7 oct 2023,64,18,31,1.9523809523809523,41,56,8,44,15,5,21.33333333333333,16.539514973407034,49,11,0,0,4,0,0,0,7.111111111111112,15.212892518039824,45.0,17.0,0.0,2.0,16.0,17.98610574860495
470,8 oct 2023,27,4,14,1.8181818181818181,20,25,2,19,6,2,9.0,7.25718035235908,20,6,1,0,0,0,0,0,3.0,6.289320754704403,18.0,9.0,0.0,0.0,6.75,7.46240577829965
471,9 oct 2023,59,17,37,1.9629629629629632,53,49,10,39,19,1,19.666666666666668,15.520595635763755,32,13,8,2,4,0,0,0,6.5555555555555545,9.945530666933443,24.0,19.0,15.0,1.0,14.75,8.554969316134336
472,10 oct 2023,182,43,65,1.5263157894736843,87,170,12,144,36,2,60.66666666666666,60.53832578531462,129,21,17,0,15,0,0,0,20.222222222222218,39.32140434300602,54.0,98.0,30.0,0.0,45.5,35.84340943604556
473,11 oct 2023,79,26,44,1.8181818181818181,60,63,16,51,27,1,26.33333333333333,20.417857108151406,47,26,5,0,1,0,0,0,8.777777777777779,15.69697619697485,30.0,47.0,2.0,0.0,19.75,19.702474463883973
474,12 oct 2023,87,24,40,1.5294117647058822,52,75,12,54,33,0,29.0,22.226110770892873,47,30,7,0,3,0,0,0,9.666666666666666,16.076207402383325,41.0,28.0,18.0,0.0,21.75,14.972892172189045
475,13 oct 2023,21,7,14,1.7,17,20,1,15,6,0,7.0,6.164414002968977,14,6,1,0,0,0,0,0,2.333333333333333,4.521553322083514,12.0,6.0,3.0,0.0,5.25,4.437059837324711
476,14 oct 2023,62,16,31,1.7916666666666667,43,58,4,51,11,0,20.666666666666668,21.9139732185248,43,11,8,0,0,0,0,0,6.888888888888888,13.362006207023823,40.0,17.0,3.0,2.0,15.5,15.337861650177967
477,15 oct 2023,28,8,15,1.75,21,23,5,23,5,0,9.333333333333334,9.877021593352703,23,5,0,0,0,0,0,0,3.111111111111111,7.202537275840823,16.0,9.0,3.0,0.0,7.0,6.123724356957946
478,16 oct 2023,20,4,12,2.0,14,18,2,18,2,0,6.666666666666668,8.055363982396381,17,2,1,0,0,0,0,0,2.2222222222222223,5.265775827143461,15.0,4.0,1.0,0.0,5.0,5.958187643906492
479,17 oct 2023,42,11,26,1.619047619047619,34,36,6,32,10,0,14.0,13.36662510384228,25,7,7,0,3,0,0,0,4.666666666666667,7.71722460186015,24.0,13.0,5.0,0.0,10.5,9.069178573608527
480,18 oct 2023,62,18,33,1.7307692307692308,45,57,5,45,17,0,20.666666666666668,18.55322673343433,40,17,5,0,0,0,0,0,6.888888888888888,12.85339941584365,16.0,45.0,1.0,0.0,15.5,18.172781845386247
481,19 oct 2023,79,15,37,1.6129032258064515,50,76,3,45,34,0,26.33333333333333,19.154343864744856,40,34,5,0,0,0,0,0,8.777777777777779,15.229925058382614,49.0,25.0,5.0,0.0,19.75,19.305115902267982
482,20 oct 2023,34,14,22,1.5238095238095235,32,26,8,18,15,1,11.333333333333336,7.4087035902976215,16,11,3,4,0,0,0,0,3.7777777777777777,5.513171657802345,19.0,11.0,4.0,0.0,8.5,7.22841614740048
483,21 oct 2023,79,24,41,1.5882352941176472,54,76,3,74,5,0,26.33333333333333,33.767176699010875,72,2,2,0,3,0,0,0,8.777777777777779,22.3794438307309,24.0,49.0,1.0,5.0,19.75,18.9917745353087
484,22 oct 2023,34,9,21,1.6875,27,32,2,30,4,0,11.333333333333336,13.299958228839998,30,4,0,0,0,0,0,0,3.7777777777777777,9.354473413266305,15.0,16.0,2.0,1.0,8.5,7.0178344238091
485,23 oct 2023,54,12,31,2.095238095238096,44,46,8,33,21,0,18.0,13.638181696985855,31,18,2,1,2,0,0,0,6.0,10.381607668264957,33.0,19.0,2.0,0.0,13.5,13.462912017836262
486,24 oct 2023,58,15,34,1.8,45,43,15,32,25,1,19.33333333333333,13.27487183449325,23,23,10,1,1,0,0,0,6.4444444444444455,9.346551486583595,40.0,13.0,5.0,0.0,14.5,15.435349040433133
487,25 oct 2023,90,21,37,1.8965517241379308,55,81,9,70,20,0,30.0,29.43920288775949,55,20,15,0,0,0,0,0,10.0,17.480147469502526,34.0,45.0,11.0,0.0,22.5,17.867568385205637
488,26 oct 2023,84,17,38,2.0357142857142856,57,69,15,54,30,0,28.0,22.09072203437452,39,24,15,0,6,0,0,0,9.333333333333334,13.224556283251582,55.0,21.0,8.0,0.0,21.0,21.011901389450696
489,27 oct 2023,30,6,20,2.142857142857143,30,24,6,15,15,0,10.0,7.071067811865476,8,13,7,2,0,0,0,0,3.333333333333333,4.546060565661952,28.0,2.0,0.0,0.0,7.5,11.863810517704673
490,28 oct 2023,80,17,35,1.8928571428571428,53,75,5,54,26,0,26.66666666666667,22.050447211388306,52,19,2,3,4,0,0,0,8.888888888888891,16.271614305248434,41.0,29.0,10.0,0.0,20.0,15.984367363145779
491,29 oct 2023,32,13,21,1.5555555555555556,28,28,4,24,8,0,10.666666666666666,9.977753031397176,24,4,0,0,3,0,0,1,3.555555555555556,7.365250408522911,18.0,12.0,2.0,0.0,8.0,7.3484692283495345
492,30 oct 2023,58,12,29,1.7391304347826086,40,51,7,31,27,0,19.33333333333333,13.767917618708921,27,20,4,2,5,0,0,0,6.4444444444444455,9.429399781900944,33.0,23.0,1.0,1.0,14.5,13.955285736952865
493,31 oct 2023,57,12,26,1.5833333333333333,38,46,11,34,23,0,19.0,14.16568624058385,22,19,12,0,4,0,0,0,6.333333333333332,8.459051693633013,36.0,12.0,9.0,0.0,14.25,13.311179511974135
494,1 nov 2023,94,36,52,1.391304347826087,64,82,12,48,44,2,31.33333333333333,20.80598204576965,40,33,10,0,11,0,0,0,10.444444444444443,14.637175737834363,39.0,37.0,17.0,1.0,23.5,15.580436450882885
495,2 nov 2023,58,22,34,1.6206896551724137,47,53,5,39,19,0,19.33333333333333,15.923427883328246,23,18,14,0,3,0,0,0,6.4444444444444455,8.719213918583755,24.0,25.0,9.0,0.0,14.5,10.5
496,3 nov 2023,38,5,19,2.3846153846153846,31,35,3,16,22,0,12.666666666666664,9.285592184789412,12,22,4,0,0,0,0,0,4.222222222222221,7.329965556653618,21.0,14.0,3.0,0.0,9.5,8.440971508067069
497,4 nov 2023,41,12,24,2.0,36,38,3,32,7,2,13.666666666666664,13.12334645668635,34,7,0,0,0,0,0,0,4.5555555555555545,10.636531505577173,29.0,12.0,0.0,0.0,10.25,11.882234638316145
498,5 nov 2023,29,7,17,2.090909090909091,23,25,4,23,4,2,9.666666666666666,9.463379711052259,22,4,3,0,0,0,0,0,3.2222222222222223,6.795059933964738,19.0,9.0,1.0,0.0,7.25,7.628073151196178
499,6 nov 2023,38,8,22,1.8235294117647056,31,33,5,20,15,3,12.666666666666664,7.133644853010899,20,15,3,0,0,0,0,0,4.222222222222221,7.253777219533094,27.0,10.0,0.0,1.0,9.5,10.828203913853855
500,7 nov 2023,22,4,16,2.4444444444444446,22,19,3,14,8,0,7.333333333333332,5.734883511361751,10,8,4,0,0,0,0,0,2.4444444444444446,3.7449554547450483,18.0,4.0,0.0,0.0,5.5,7.399324293474371
501,8 nov 2023,119,21,36,1.96875,63,110,9,101,17,1,39.66666666666666,43.858357875729396,97,14,5,0,3,0,0,0,13.222222222222221,29.93614603629152,37.0,82.0,0.0,0.0,29.75,33.737034546622496
502,9 nov 2023,23,10,22,1.8461538461538465,24,16,7,11,12,0,7.666666666666668,5.436502143433364,8,11,3,0,1,0,0,0,2.555555555555556,3.8904758666692434,12.0,11.0,0.0,0.0,5.75,5.7608593109014565
503,10 nov 2023,106,19,29,1.5185185185185186,41,97,9,81,25,0,35.333333333333336,33.865748019036715,76,24,5,1,0,0,0,0,11.777777777777779,23.873638543044724,77.0,23.0,6.0,0.0,26.5,30.352100421552375
504,11 nov 2023,64,15,30,1.8695652173913044,43,58,6,25,39,0,21.33333333333333,16.131404843417148,25,38,0,0,1,0,0,0,7.111111111111112,13.395226715716015,54.0,9.0,1.0,0.0,16.0,22.214859891523066
505,12 nov 2023,37,6,19,1.7142857142857142,24,25,12,24,13,0,12.333333333333336,9.809292646374773,23,13,1,0,0,0,0,0,4.111111111111111,7.795218540795727,28.0,7.0,2.0,0.0,9.25,11.121488209767614
506,13 nov 2023,49,14,24,1.55,31,38,11,24,25,0,16.333333333333332,11.556623882239812,20,21,4,0,4,0,0,0,5.4444444444444455,8.207193472275284,31.0,17.0,1.0,0.0,12.25,12.754901018824098
507,14 nov 2023,57,13,21,1.9473684210526316,37,50,7,20,37,0,19.0,15.121728296285006,15,37,5,0,0,0,0,0,6.333333333333332,11.822765233978796,33.0,24.0,0.0,0.0,14.25,14.600941750448838
508,15 nov 2023,42,7,19,1.8,27,33,9,26,15,1,14.0,10.230672835481869,21,15,6,0,0,0,0,0,4.666666666666667,7.498147919467994,26.0,16.0,0.0,0.0,10.5,11.07925990308017
509,16 nov 2023,50,19,29,1.68,42,45,5,33,17,0,16.666666666666668,13.474255287605155,29,17,4,0,0,0,0,0,5.5555555555555545,9.821870280270918,33.0,9.0,7.0,1.0,12.5,12.196310917650466
510,17 nov 2023,49,20,29,1.56,39,38,11,38,11,0,16.333333333333332,15.965240019770729,35,11,3,0,0,0,0,0,5.4444444444444455,10.996071127767117,19.0,20.0,9.0,1.0,12.25,7.790218225441443
511,18 nov 2023,73,8,27,1.7272727272727273,38,70,3,57,16,0,24.33333333333333,24.00462918318511,56,16,1,0,0,0,0,0,8.11111111111111,17.64114158843497,52.0,20.0,0.0,1.0,18.25,21.05201890555868
512,19 nov 2023,15,7,11,1.3333333333333333,12,5,10,7,8,0,5.0,3.559026084010437,7,5,0,1,2,0,0,0,1.6666666666666667,2.449489742783178,8.0,5.0,0.0,2.0,3.75,3.0310889132455348
513,20 nov 2023,19,8,13,1.5454545454545454,17,14,5,15,4,0,6.333333333333332,6.342099196813482,9,3,6,0,1,0,0,0,2.1111111111111107,3.107140323135458,9.0,10.0,0.0,0.0,4.75,4.763139720814412
514,21 nov 2023,59,34,42,1.25,50,46,13,47,12,0,19.666666666666668,19.938795238317574,39,9,8,2,1,0,0,0,6.5555555555555545,11.94534880297312,21.0,35.0,0.0,3.0,14.75,14.184057952504284
515,22 nov 2023,44,10,25,1.9444444444444444,35,37,7,19,25,0,14.666666666666664,10.656244908763853,16,24,3,1,0,0,0,0,4.888888888888889,8.345916425872854,29.0,14.0,0.0,1.0,11.0,11.76860229593982
516,23 nov 2023,48,25,34,1.4333333333333331,43,42,6,32,16,0,16.0,13.063945294843615,24,14,8,0,2,0,0,0,5.333333333333333,8.055363982396381,21.0,22.0,4.0,1.0,12.0,9.565563234854496
517,24 nov 2023,38,9,19,1.5882352941176472,27,31,7,11,27,0,12.666666666666664,11.08552609887726,8,26,3,0,1,0,0,0,4.222222222222221,8.093588378433028,27.0,9.0,2.0,0.0,9.5,10.641898326896381
518,25 nov 2023,44,15,26,1.4545454545454546,32,37,7,38,6,0,14.666666666666664,16.679994670929073,36,6,2,0,0,0,0,0,4.888888888888889,11.159892915101972,19.0,14.0,11.0,0.0,11.0,6.96419413859206
519,26 nov 2023,24,7,15,1.7272727272727273,19,18,6,18,6,0,8.0,7.483314773547883,16,5,2,1,0,0,0,0,2.6666666666666665,4.966554808583781,16.0,5.0,2.0,1.0,6.0,5.958187643906492
520,27 nov 2023,34,8,18,1.5384615384615383,20,31,3,11,23,0,11.333333333333336,9.392668535736913,10,21,1,1,1,0,0,0,3.7777777777777777,6.795059933964735,14.0,14.0,3.0,3.0,8.5,5.5
521,28 nov 2023,37,13,24,1.4736842105263157,28,31,6,22,14,1,12.333333333333336,8.65383665716478,17,7,6,0,7,0,0,0,4.111111111111111,5.486234175834893,25.0,10.0,2.0,0.0,9.25,9.832980219648569
522,29 nov 2023,62,17,31,2.0434782608695654,47,51,11,39,23,0,20.666666666666668,16.006942938057293,26,22,13,0,1,0,0,0,6.888888888888888,10.016036524210609,39.0,17.0,4.0,2.0,15.5,14.739402972983674
523,30 nov 2023,29,7,11,1.4545454545454546,16,27,2,15,14,0,9.666666666666666,6.847546194724712,8,14,7,0,0,0,0,0,3.2222222222222223,4.893936787898942,23.0,4.0,0.0,2.0,7.25,9.202581159652981
524,1 dic 2023,34,8,18,2.0769230769230766,27,20,14,21,13,0,11.333333333333336,8.65383665716478,16,7,5,0,6,0,0,0,3.7777777777777777,5.137612454087507,18.0,13.0,0.0,3.0,8.5,7.297259759663213
525,2 dic 2023,100,19,36,1.5172413793103448,44,87,13,77,23,0,33.333333333333336,32.27313984655902,76,23,1,0,0,0,0,0,11.111111111111109,24.025192539149604,71.0,11.0,16.0,2.0,25.0,27.02776350347916
526,3 dic 2023,15,2,9,2.333333333333333,14,13,2,12,3,0,5.0,5.0990195135927845,12,2,0,1,0,0,0,0,1.6666666666666667,3.711842908553348,11.0,4.0,0.0,0.0,3.75,4.493050188902857
527,4 dic 2023,37,7,19,2.066666666666667,31,30,7,22,15,0,12.333333333333336,9.177266598624136,20,12,2,0,3,0,0,0,4.111111111111111,6.707283676794031,33.0,3.0,0.0,1.0,9.25,13.75454470347892
528,5 dic 2023,29,10,19,1.4375,23,23,6,18,11,0,9.666666666666666,7.4087035902976215,13,11,5,0,0,0,0,0,3.2222222222222223,4.961580791503579,23.0,2.0,4.0,0.0,7.25,9.202581159652981
529,6 dic 2023,12,2,10,2.0,12,9,3,4,8,0,4.0,3.2659863237109037,2,8,2,0,0,0,0,0,1.3333333333333333,2.494438257849294,10.0,1.0,0.0,1.0,3.0,4.0620192023179795
530,7 dic 2023,24,7,12,1.3333333333333333,16,20,4,16,8,0,8.0,6.531972647421807,13,8,3,0,0,0,0,0,2.6666666666666665,4.447221354708779,23.0,1.0,0.0,0.0,6.0,9.82344135219425
531,8 dic 2023,15,8,12,2.0,18,7,8,4,11,0,5.0,4.546060565661952,4,9,0,1,1,0,0,0,1.6666666666666667,2.867441755680875,8.0,7.0,0.0,0.0,3.75,3.7666297933298414
532,9 dic 2023,50,11,26,1.8571428571428568,39,43,7,40,10,0,16.666666666666668,16.996731711975947,36,10,4,0,0,0,0,0,5.5555555555555545,11.226071946946744,29.0,15.0,4.0,2.0,12.5,10.735455276791944
533,10 dic 2023,11,5,9,1.5714285714285714,11,7,4,7,4,0,3.6666666666666665,2.867441755680876,7,3,0,1,0,0,0,0,1.2222222222222223,2.2498285257018438,4.0,3.0,1.0,3.0,2.75,1.0897247358851685
534,11 dic 2023,16,9,16,1.5,18,10,6,8,8,0,5.333333333333333,3.771236166328253,6,6,2,0,2,0,0,0,1.7777777777777777,2.3934065809486684,8.0,8.0,0.0,0.0,4.0,4.0
535,12 dic 2023,17,5,10,1.75,14,9,8,6,11,0,5.666666666666668,4.496912521077348,4,11,2,0,0,0,0,0,1.8888888888888888,3.4783279649996723,11.0,3.0,0.0,3.0,4.25,4.085033659592049
536,13 dic 2023,27,8,14,1.8,18,19,8,10,17,0,9.0,6.97614984548545,6,16,4,0,1,0,0,0,3.0,5.033222956847166,17.0,2.0,0.0,8.0,6.75,6.609652033201143
537,14 dic 2023,16,5,12,1.7777777777777777,16,13,3,8,8,0,5.333333333333333,3.771236166328253,8,7,0,0,1,0,0,0,1.7777777777777777,3.0832082056692465,13.0,3.0,0.0,0.0,4.0,5.338539126015656
538,15 dic 2023,28,3,14,1.7272727272727273,19,21,7,10,18,0,9.333333333333334,7.363574011458176,5,18,5,0,0,0,0,0,3.111111111111111,5.645931562627777,22.0,5.0,0.0,1.0,7.0,8.860022573334676
539,16 dic 2023,42,16,23,1.4761904761904765,31,37,5,27,15,0,14.0,11.04536101718726,27,15,0,0,0,0,0,0,4.666666666666667,9.177266598624136,31.0,9.0,2.0,0.0,10.5,12.298373876248846
540,17 dic 2023,19,3,6,2.0,10,14,5,14,5,0,6.333333333333332,5.792715732327589,14,4,0,1,0,0,0,0,2.1111111111111107,4.382907316292449,18.0,1.0,0.0,0.0,4.75,7.6607767230222805
541,18 dic 2023,34,8,14,1.5833333333333333,19,29,5,7,27,0,11.333333333333336,11.440668201153677,3,27,4,0,0,0,0,0,3.7777777777777777,8.337036214357365,31.0,3.0,0.0,0.0,8.5,13.047988350699887
542,19 dic 2023,12,2,6,1.3333333333333333,8,8,4,10,2,0,4.0,4.320493798938574,6,2,4,0,0,0,0,0,1.3333333333333333,2.1081851067789192,12.0,0.0,0.0,0.0,3.0,5.196152422706632
543,20 dic 2023,25,3,13,1.9,19,20,5,14,11,0,8.333333333333334,6.018490028422597,10,11,4,0,0,0,0,0,2.7777777777777777,4.3147750753216885,23.0,1.0,0.0,1.0,6.25,9.67923034130297
544,21 dic 2023,12,2,4,2.333333333333333,7,9,3,3,9,0,4.0,3.741657386773941,0,9,3,0,0,0,0,0,1.3333333333333333,2.8674417556808747,12.0,0.0,0.0,0.0,3.0,5.196152422706632
545,22 dic 2023,24,7,14,1.7272727272727273,19,17,7,15,9,0,8.0,6.164414002968977,11,9,4,0,0,0,0,0,2.6666666666666665,4.136557881996952,22.0,2.0,0.0,0.0,6.0,9.273618495495704
546,23 dic 2023,35,5,15,2.1818181818181817,24,30,5,26,9,0,11.666666666666664,10.780641085864152,26,9,0,0,0,0,0,0,3.888888888888889,8.30588070712478,22.0,13.0,0.0,0.0,8.75,9.310612224768036
547,24 dic 2023,15,1,8,2.2,11,13,2,13,2,0,5.0,5.715476066494082,13,1,0,1,0,0,0,0,1.6666666666666667,4.027681991198191,6.0,9.0,0.0,0.0,3.75,3.897114317029974
548,25 dic 2023,14,2,8,1.8333333333333333,11,13,1,10,4,0,4.666666666666667,4.109609335312651,10,4,0,0,0,0,0,0,1.5555555555555556,3.2356043952357854,12.0,2.0,0.0,0.0,3.5,4.9749371855331
549,26 dic 2023,17,5,10,1.75,14,12,5,10,7,0,5.666666666666668,4.189935029992179,9,7,1,0,0,0,0,0,1.8888888888888888,3.3147630867058435,4.0,13.0,0.0,0.0,4.25,5.3091901453988255
550,27 dic 2023,27,5,11,1.8888888888888888,17,24,3,22,5,0,9.0,9.41629792788369,21,5,1,0,0,0,0,0,3.0,6.548960901462832,19.0,7.0,1.0,0.0,6.75,7.562241731127088
551,28 dic 2023,19,6,14,1.2727272727272727,14,15,4,8,11,0,6.333333333333332,4.642796092394708,8,11,0,0,0,0,0,0,2.1111111111111107,4.012326685615064,16.0,3.0,0.0,0.0,4.75,6.609652033201143
552,29 dic 2023,12,2,4,1.75,7,11,1,6,5,1,4.0,2.160246899469287,7,5,0,0,0,0,0,0,1.3333333333333333,2.5385910352879693,5.0,7.0,0.0,0.0,3.0,3.0822070014844885
553,30 dic 2023,23,3,10,2.125,17,21,2,20,3,0,7.666666666666668,8.806563209081936,20,2,0,1,0,0,0,0,2.555555555555556,6.202349216423495,12.0,9.0,0.0,2.0,5.75,4.9180788932265
554,31 dic 2023,18,6,8,1.25,10,14,4,12,6,0,6.0,4.898979485566356,9,2,3,1,3,0,0,0,2.0,2.748737083745107,11.0,6.0,0.0,1.0,4.5,4.38748219369606
555,1 ene 2024,3,0,2,1.0,2,3,0,2,1,0,1.0,0.8164965809277259,2,1,0,0,0,0,0,0,0.3333333333333333,0.6666666666666666,,,,,,
