,Fecha,Vistas,Usuarios nuevos,Total de usuarios,Sesiones por usuario,Sesiones,mobile Vistas,mobile Usuarios nuevos,mobile Total de usuarios,mobile Sesiones por usuario,mobile Sesiones,desktop Vistas,desktop Usuarios nuevos,desktop Total de usuarios,desktop Sesiones por usuario,desktop Sesiones,tablet Vistas,tablet Usuarios nuevos,tablet Total de usuarios,tablet Sesiones por usuario,tablet Sesiones
0,14 jun 2022,38,23,23,2.330357142857143,27,30.0,16.0,16.0,1.1875,19.0,8.0,7.0,7.0,1.1428571428571428,8.0,,,,,
1,15 jun 2022,35,22,23,2.090909090909091,24,21.0,10.0,11.0,1.0909090909090908,12.0,14.0,12.0,12.0,1.0,12.0,,,,,
2,16 jun 2022,46,16,21,2.230769230769231,24,37.0,10.0,13.0,1.2307692307692308,16.0,9.0,6.0,8.0,1.0,8.0,,,,,
3,17 jun 2022,32,10,13,2.25,14,20.0,2.0,4.0,1.25,5.0,12.0,8.0,9.0,1.0,9.0,,,,,
4,18 jun 2022,15,9,10,2.0,10,8.0,7.0,7.0,1.0,7.0,7.0,2.0,3.0,1.0,3.0,,,,,
5,19 jun 2022,12,6,7,2.0,7,9.0,3.0,4.0,1.0,4.0,3.0,3.0,3.0,1.0,3.0,,,,,
6,20 jun 2022,9,5,6,2.0,6,2.0,1.0,1.0,1.0,1.0,7.0,4.0,5.0,1.0,5.0,,,,,
7,21 jun 2022,68,36,40,2.1724137931034484,45,52.0,27.0,29.0,1.1724137931034482,34.0,16.0,9.0,11.0,1.0,11.0,,,,,
8,22 jun 2022,26,9,13,2.4,15,17.0,5.0,8.0,1.0,8.0,9.0,4.0,5.0,1.4,7.0,,,,,
9,23 jun 2022,53,21,23,2.6607142857142856,31,41.0,15.0,16.0,1.375,22.0,12.0,6.0,7.0,1.2857142857142858,9.0,,,,,
10,24 jun 2022,21,10,13,2.166666666666667,14,11.0,4.0,6.0,1.1666666666666667,7.0,10.0,6.0,7.0,1.0,7.0,,,,,
11,25 jun 2022,34,14,17,2.3666666666666667,20,17.0,9.0,12.0,1.1666666666666667,14.0,17.0,5.0,5.0,1.2,6.0,,,,,
12,26 jun 2022,9,6,6,2.0,6,6.0,4.0,4.0,1.0,4.0,3.0,2.0,2.0,1.0,2.0,,,,,
13,27 jun 2022,10,5,7,2.9,10,3.0,1.0,2.0,1.5,3.0,7.0,4.0,5.0,1.4,7.0,,,,,
14,28 jun 2022,60,30,39,2.2217741935483866,43,47.0,24.0,31.0,1.0967741935483872,34.0,13.0,6.0,8.0,1.125,9.0,,,,,
15,29 jun 2022,25,13,18,2.2,20,10.0,5.0,8.0,1.0,8.0,15.0,8.0,10.0,1.2,12.0,,,,,
16,30 jun 2022,91,41,50,2.47948717948718,59,74.0,34.0,39.0,1.1794871794871795,46.0,17.0,7.0,11.0,1.3,13.0,,,,,
17,1 jul 2022,25,14,19,2.3833333333333333,22,18.0,10.0,15.0,1.1333333333333333,17.0,7.0,4.0,4.0,1.25,5.0,,,,,
18,2 jul 2022,26,16,16,2.0,16,20.0,12.0,12.0,1.0,12.0,6.0,4.0,4.0,1.0,4.0,,,,,
19,3 jul 2022,18,9,9,2.166666666666667,10,7.0,3.0,3.0,1.0,3.0,11.0,6.0,6.0,1.1666666666666667,7.0,,,,,
20,4 jul 2022,147,10,14,2.6363636363636367,21,5.0,2.0,3.0,1.0,3.0,142.0,8.0,11.0,1.6363636363636365,18.0,,,,,
21,5 jul 2022,23,8,11,3.6,14,5.0,4.0,5.0,1.0,5.0,17.0,3.0,5.0,1.6,8.0,1.0,1.0,1.0,1.0,1.0
22,6 jul 2022,12,9,11,2.2,12,6.0,5.0,6.0,1.0,6.0,6.0,4.0,5.0,1.2,6.0,,,,,
23,7 jul 2022,107,65,70,3.448717948717949,86,45.0,27.0,30.0,1.1666666666666667,35.0,61.0,37.0,39.0,1.2820512820512822,50.0,1.0,1.0,1.0,1.0,1.0
24,8 jul 2022,26,12,16,2.745454545454545,23,9.0,4.0,5.0,1.2,6.0,17.0,8.0,11.0,1.5454545454545454,17.0,,,,,
25,9 jul 2022,5,4,5,2.0,5,2.0,1.0,2.0,1.0,2.0,3.0,3.0,3.0,1.0,3.0,,,,,
26,10 jul 2022,6,2,2,1.0,2,6.0,2.0,2.0,1.0,2.0,,,,,,,,,,
27,11 jul 2022,1,0,1,1.0,1,1.0,0.0,1.0,1.0,1.0,,,,,,,,,,
28,12 jul 2022,17,9,9,2.0,9,5.0,4.0,4.0,1.0,4.0,12.0,5.0,5.0,1.0,5.0,,,,,
29,13 jul 2022,15,8,9,2.166666666666667,10,9.0,5.0,6.0,1.1666666666666667,7.0,6.0,3.0,3.0,1.0,3.0,,,,,
30,14 jul 2022,4,2,4,2.0,4,3.0,1.0,3.0,1.0,3.0,1.0,1.0,1.0,1.0,1.0,,,,,
31,15 jul 2022,1,1,1,1.0,1,1.0,1.0,1.0,1.0,1.0,,,,,,,,,,
32,16 jul 2022,3,2,3,1.0,3,,,,,,3.0,2.0,3.0,1.0,3.0,,,,,
33,17 jul 2022,9,6,6,2.333333333333333,7,3.0,3.0,3.0,1.0,3.0,6.0,3.0,3.0,1.3333333333333333,4.0,,,,,
34,18 jul 2022,14,4,4,2.0,4,6.0,2.0,2.0,1.0,2.0,8.0,2.0,2.0,1.0,2.0,,,,,
35,19 jul 2022,6,2,4,2.0,4,3.0,2.0,3.0,1.0,3.0,3.0,0.0,1.0,1.0,1.0,,,,,
36,20 jul 2022,14,8,8,2.533333333333333,10,8.0,3.0,3.0,1.3333333333333333,4.0,6.0,5.0,5.0,1.2,6.0,,,,,
37,21 jul 2022,5,5,5,1.0,5,5.0,5.0,5.0,1.0,5.0,,,,,,,,,,
38,22 jul 2022,10,8,9,2.166666666666667,10,2.0,2.0,3.0,1.0,3.0,8.0,6.0,6.0,1.1666666666666667,7.0,,,,,
39,23 jul 2022,16,8,8,2.0,8,10.0,5.0,5.0,1.0,5.0,6.0,3.0,3.0,1.0,3.0,,,,,
40,24 jul 2022,1,1,1,1.0,1,1.0,1.0,1.0,1.0,1.0,,,,,,,,,,
41,25 jul 2022,12,6,6,2.5,7,6.0,2.0,2.0,1.5,3.0,6.0,4.0,4.0,1.0,4.0,,,,,
42,26 jul 2022,2,2,3,2.0,3,1.0,1.0,1.0,1.0,1.0,1.0,1.0,2.0,1.0,2.0,,,,,
43,27 jul 2022,14,8,9,2.0,9,3.0,3.0,3.0,1.0,3.0,11.0,5.0,6.0,1.0,6.0,,,,,
44,28 jul 2022,50,15,17,2.3269230769230766,19,40.0,12.0,13.0,1.0769230769230769,14.0,10.0,3.0,4.0,1.25,5.0,,,,,
45,29 jul 2022,10,9,9,2.0,9,4.0,4.0,4.0,1.0,4.0,6.0,5.0,5.0,1.0,5.0,,,,,
46,30 jul 2022,5,4,4,2.0,4,2.0,1.0,1.0,1.0,1.0,3.0,3.0,3.0,1.0,3.0,,,,,
47,31 jul 2022,2,2,3,2.0,3,2.0,2.0,2.0,1.0,2.0,0.0,0.0,1.0,1.0,1.0,,,,,
48,1 ago 2022,36,14,17,2.166666666666667,19,29.0,9.0,12.0,1.1666666666666667,14.0,7.0,5.0,5.0,1.0,5.0,,,,,
49,2 ago 2022,37,15,24,2.7142857142857144,29,25.0,12.0,16.0,1.4285714285714286,20.0,12.0,3.0,8.0,1.2857142857142858,9.0,,,,,
50,3 ago 2022,61,21,33,2.6444444444444444,38,42.0,15.0,22.0,1.4444444444444444,26.0,19.0,6.0,11.0,1.2,12.0,,,,,
51,4 ago 2022,33,15,20,2.25,22,9.0,6.0,7.0,1.0,7.0,24.0,9.0,13.0,1.25,15.0,,,,,
52,5 ago 2022,18,14,14,2.0,14,9.0,6.0,6.0,1.0,6.0,9.0,8.0,8.0,1.0,8.0,,,,,
53,6 ago 2022,8,6,6,2.0,6,1.0,1.0,1.0,1.0,1.0,7.0,5.0,5.0,1.0,5.0,,,,,
54,7 ago 2022,7,4,5,2.333333333333333,5,6.0,3.0,4.0,1.3333333333333333,4.0,1.0,1.0,1.0,1.0,1.0,,,,,
55,8 ago 2022,76,12,21,2.5656565656565657,26,29.0,8.0,10.0,1.1111111111111112,10.0,47.0,4.0,11.0,1.4545454545454546,16.0,,,,,
56,9 ago 2022,57,17,22,2.367647058823529,24,6.0,3.0,5.0,1.25,5.0,51.0,14.0,17.0,1.1176470588235294,19.0,,,,,
57,10 ago 2022,94,37,42,2.2899159663865545,47,79.0,32.0,35.0,1.1470588235294117,39.0,15.0,5.0,7.0,1.1428571428571428,8.0,,,,,
58,11 ago 2022,48,18,27,2.4285714285714293,29,27.0,12.0,18.0,1.4285714285714286,20.0,21.0,6.0,9.0,1.0,9.0,,,,,
59,12 ago 2022,32,13,18,2.7222222222222223,20,11.0,6.0,9.0,1.5,9.0,21.0,7.0,9.0,1.2222222222222223,11.0,,,,,
60,13 ago 2022,6,6,6,2.0,6,5.0,5.0,5.0,1.0,5.0,1.0,1.0,1.0,1.0,1.0,,,,,
61,14 ago 2022,4,3,4,2.5,5,2.0,1.0,2.0,1.0,2.0,2.0,2.0,2.0,1.5,3.0,,,,,
62,15 ago 2022,13,5,5,2.0,5,3.0,2.0,2.0,1.0,2.0,10.0,3.0,3.0,1.0,3.0,,,,,
63,16 ago 2022,94,19,25,2.5846153846153843,30,25.0,9.0,12.0,1.2,12.0,69.0,10.0,13.0,1.3846153846153846,18.0,,,,,
64,17 ago 2022,34,10,18,2.793650793650793,22,21.0,6.0,10.0,1.2222222222222223,11.0,13.0,4.0,8.0,1.5714285714285714,11.0,,,,,
65,18 ago 2022,39,16,22,2.333333333333333,23,27.0,12.0,17.0,1.1333333333333333,17.0,12.0,4.0,5.0,1.2,6.0,,,,,
66,19 ago 2022,23,11,15,2.25,15,10.0,3.0,5.0,1.25,5.0,13.0,8.0,10.0,1.0,10.0,,,,,
67,20 ago 2022,13,4,7,2.666666666666667,8,7.0,3.0,4.0,1.6666666666666667,5.0,6.0,1.0,3.0,1.0,3.0,,,,,
68,21 ago 2022,5,5,5,2.5,6,3.0,3.0,3.0,1.0,3.0,2.0,2.0,2.0,1.5,3.0,,,,,
69,22 ago 2022,20,11,15,2.5535714285714293,19,10.0,5.0,7.0,1.4285714285714286,10.0,10.0,6.0,8.0,1.125,9.0,,,,,
70,23 ago 2022,15,4,8,3.0,9,8.0,3.0,3.0,1.0,3.0,7.0,1.0,5.0,2.0,6.0,,,,,
71,24 ago 2022,102,32,34,2.5217391304347827,45,87.0,22.0,24.0,1.5217391304347827,35.0,15.0,10.0,10.0,1.0,10.0,,,,,
72,25 ago 2022,45,15,22,3.166666666666667,26,21.0,6.0,10.0,2.0,12.0,24.0,9.0,12.0,1.1666666666666667,14.0,,,,,
73,26 ago 2022,28,10,15,2.666666666666667,16,13.0,6.0,8.0,1.5,9.0,15.0,4.0,7.0,1.1666666666666667,7.0,,,,,
74,27 ago 2022,28,8,11,2.416666666666667,12,11.0,5.0,7.0,1.1666666666666667,7.0,17.0,3.0,4.0,1.25,5.0,,,,,
75,28 ago 2022,26,14,16,2.4444444444444446,18,10.0,6.0,7.0,1.3333333333333333,8.0,16.0,8.0,9.0,1.1111111111111112,10.0,,,,,
76,29 ago 2022,49,10,12,2.5,13,8.0,4.0,5.0,1.5,6.0,41.0,6.0,7.0,1.0,7.0,,,,,
77,30 ago 2022,89,8,12,2.4444444444444446,16,5.0,3.0,3.0,1.0,3.0,84.0,5.0,9.0,1.4444444444444444,13.0,,,,,
78,31 ago 2022,22,4,7,1.3333333333333333,8,,,,,,22.0,4.0,7.0,1.3333333333333333,8.0,,,,,
79,1 sept 2022,17,8,11,2.125,12,5.0,3.0,3.0,1.0,3.0,12.0,5.0,8.0,1.125,9.0,,,,,
80,2 sept 2022,31,5,6,5.6,12,13.0,4.0,5.0,1.6,8.0,18.0,1.0,1.0,4.0,4.0,,,,,
81,3 sept 2022,22,8,9,2.75,11,5.0,4.0,4.0,1.0,4.0,17.0,4.0,5.0,1.75,7.0,,,,,
82,4 sept 2022,4,1,3,4.0,4,2.0,0.0,1.0,1.0,1.0,2.0,1.0,2.0,3.0,3.0,,,,,
83,5 sept 2022,26,9,13,2.142857142857143,14,13.0,6.0,6.0,1.0,6.0,13.0,3.0,7.0,1.1428571428571428,8.0,,,,,
84,6 sept 2022,45,16,18,2.625,24,29.0,10.0,10.0,1.5,15.0,16.0,6.0,8.0,1.125,9.0,,,,,
85,7 sept 2022,45,18,24,2.682539682539683,32,34.0,12.0,15.0,1.5714285714285714,22.0,11.0,6.0,9.0,1.1111111111111112,10.0,,,,,
86,8 sept 2022,72,21,30,2.8545454545454545,37,27.0,9.0,13.0,1.4545454545454546,16.0,45.0,12.0,17.0,1.4,21.0,,,,,
87,9 sept 2022,26,11,16,2.583333333333333,18,11.0,5.0,8.0,1.3333333333333333,8.0,15.0,6.0,8.0,1.25,10.0,,,,,
88,10 sept 2022,34,11,18,2.4444444444444446,19,23.0,7.0,12.0,1.4444444444444444,13.0,11.0,4.0,6.0,1.0,6.0,,,,,
89,11 sept 2022,7,5,5,2.0,5,4.0,2.0,2.0,1.0,2.0,3.0,3.0,3.0,1.0,3.0,,,,,
90,12 sept 2022,13,8,12,2.416666666666667,12,8.0,6.0,7.0,1.1666666666666667,7.0,5.0,2.0,5.0,1.25,5.0,,,,,
91,13 sept 2022,39,13,16,2.7333333333333334,19,13.0,8.0,10.0,1.3333333333333333,12.0,26.0,5.0,6.0,1.4,7.0,,,,,
92,14 sept 2022,19,12,15,2.267857142857143,17,9.0,7.0,7.0,1.1428571428571428,8.0,10.0,5.0,8.0,1.125,9.0,,,,,
93,15 sept 2022,72,31,36,2.25,39,38.0,19.0,20.0,1.05,21.0,34.0,12.0,16.0,1.2,18.0,,,,,
94,16 sept 2022,22,10,16,2.4444444444444446,17,18.0,7.0,12.0,1.4444444444444444,13.0,4.0,3.0,4.0,1.0,4.0,,,,,
95,17 sept 2022,17,9,9,2.0,9,15.0,8.0,8.0,1.0,8.0,2.0,1.0,1.0,1.0,1.0,,,,,
96,18 sept 2022,4,2,3,5.0,5,2.0,1.0,2.0,3.0,3.0,,,,,,2.0,1.0,1.0,2.0,2.0
97,19 sept 2022,33,13,18,2.4393939393939394,21,14.0,5.0,7.0,1.1666666666666667,7.0,19.0,8.0,11.0,1.2727272727272727,14.0,,,,,
98,20 sept 2022,36,14,16,2.5,18,12.0,4.0,6.0,1.4,7.0,24.0,10.0,10.0,1.1,11.0,,,,,
99,21 sept 2022,50,15,21,2.45,23,41.0,13.0,16.0,1.2,18.0,9.0,2.0,5.0,1.25,5.0,,,,,
100,22 sept 2022,7,6,7,3.25,9,4.0,4.0,4.0,1.25,5.0,3.0,2.0,3.0,2.0,4.0,,,,,
101,23 sept 2022,6,3,5,3.5,5,3.0,1.0,2.0,2.0,2.0,3.0,2.0,3.0,1.5,3.0,,,,,
102,24 sept 2022,4,2,3,2.0,4,4.0,2.0,3.0,2.0,4.0,,,,,,,,,,
103,25 sept 2022,15,4,6,5.0,7,10.0,1.0,3.0,4.0,4.0,5.0,3.0,3.0,1.0,3.0,,,,,
104,26 sept 2022,45,18,20,2.215909090909091,21,34.0,11.0,12.0,1.0909090909090908,12.0,11.0,7.0,8.0,1.125,9.0,,,,,
105,27 sept 2022,15,13,15,2.166666666666667,16,2.0,2.0,2.0,1.0,2.0,13.0,11.0,13.0,1.1666666666666667,14.0,,,,,
106,28 sept 2022,61,19,28,2.291208791208791,31,33.0,8.0,15.0,1.2142857142857142,17.0,28.0,11.0,13.0,1.0769230769230769,14.0,,,,,
107,29 sept 2022,54,20,26,2.3766233766233764,30,32.0,8.0,12.0,1.0909090909090908,12.0,22.0,12.0,14.0,1.2857142857142858,18.0,,,,,
108,30 sept 2022,40,8,17,3.1,20,11.0,3.0,8.0,1.6,8.0,29.0,5.0,9.0,1.5,12.0,,,,,
109,1 oct 2022,5,3,7,4.333333333333333,7,4.0,2.0,4.0,1.3333333333333333,4.0,1.0,1.0,3.0,3.0,3.0,,,,,
110,2 oct 2022,8,5,6,2.0,6,5.0,3.0,3.0,1.0,3.0,3.0,2.0,3.0,1.0,3.0,,,,,
111,3 oct 2022,29,9,11,3.095238095238096,15,24.0,6.0,7.0,1.4285714285714286,10.0,5.0,3.0,4.0,1.6666666666666667,5.0,,,,,
112,4 oct 2022,30,12,17,5.333333333333333,22,12.0,4.0,7.0,2.0,8.0,16.0,7.0,9.0,1.3333333333333333,12.0,2.0,1.0,1.0,2.0,2.0
113,5 oct 2022,59,20,27,3.929411764705882,38,51.0,15.0,20.0,1.5294117647058822,26.0,8.0,5.0,7.0,2.4,12.0,,,,,
114,6 oct 2022,14,6,6,2.0,6,9.0,5.0,5.0,1.0,5.0,5.0,1.0,1.0,1.0,1.0,,,,,
115,7 oct 2022,9,5,8,4.5,11,5.0,2.0,5.0,2.5,5.0,4.0,3.0,3.0,2.0,6.0,,,,,
116,12 oct 2022,54,17,25,2.517857142857143,30,45.0,12.0,18.0,1.375,22.0,9.0,5.0,7.0,1.1428571428571428,8.0,,,,,
117,13 oct 2022,34,13,20,2.55,23,22.0,7.0,12.0,1.3,13.0,12.0,6.0,8.0,1.25,10.0,,,,,
118,14 oct 2022,14,7,10,2.5,11,9.0,3.0,5.0,1.5,6.0,5.0,4.0,5.0,1.0,5.0,,,,,
119,15 oct 2022,17,10,12,2.75,13,15.0,8.0,9.0,1.25,10.0,2.0,2.0,3.0,1.5,3.0,,,,,
120,16 oct 2022,8,5,6,2.25,6,6.0,4.0,5.0,1.25,5.0,2.0,1.0,1.0,1.0,1.0,,,,,
121,17 oct 2022,9,8,9,2.2,10,4.0,4.0,4.0,1.0,4.0,5.0,4.0,5.0,1.2,6.0,,,,,
122,18 oct 2022,22,8,10,2.0,10,13.0,4.0,4.0,1.0,4.0,9.0,4.0,6.0,1.0,6.0,,,,,
123,19 oct 2022,52,22,28,2.6103896103896105,33,41.0,11.0,17.0,1.4285714285714286,20.0,11.0,11.0,11.0,1.181818181818182,13.0,,,,,
124,20 oct 2022,27,9,14,2.5,15,13.0,4.0,8.0,1.3333333333333333,8.0,14.0,5.0,6.0,1.1666666666666667,7.0,,,,,
125,21 oct 2022,47,24,29,2.6333333333333333,34,34.0,19.0,22.0,1.3,26.0,13.0,5.0,7.0,1.3333333333333333,8.0,,,,,
126,22 oct 2022,23,14,15,2.25,16,19.0,10.0,11.0,1.0,11.0,4.0,4.0,4.0,1.25,5.0,,,,,
127,23 oct 2022,8,5,5,2.25,6,1.0,1.0,1.0,1.0,1.0,7.0,4.0,4.0,1.25,5.0,,,,,
128,24 oct 2022,22,9,13,2.2222222222222223,15,6.0,3.0,4.0,1.0,4.0,16.0,6.0,9.0,1.2222222222222223,11.0,,,,,
129,25 oct 2022,29,16,18,2.333333333333333,21,13.0,8.0,9.0,1.2222222222222223,11.0,16.0,8.0,9.0,1.1111111111111112,10.0,,,,,
130,26 oct 2022,39,15,24,2.454545454545454,27,21.0,8.0,13.0,1.3636363636363635,15.0,18.0,7.0,11.0,1.0909090909090908,12.0,,,,,
131,27 oct 2022,24,11,14,2.125,14,17.0,6.0,9.0,1.125,9.0,7.0,5.0,5.0,1.0,5.0,,,,,
132,28 oct 2022,19,9,10,2.4761904761904763,12,5.0,2.0,3.0,1.3333333333333333,4.0,14.0,7.0,7.0,1.1428571428571428,8.0,,,,,
133,29 oct 2022,9,7,8,2.583333333333333,9,5.0,4.0,5.0,1.25,5.0,4.0,3.0,3.0,1.3333333333333333,4.0,,,,,
134,30 oct 2022,22,7,7,2.0,7,12.0,4.0,4.0,1.0,4.0,10.0,3.0,3.0,1.0,3.0,,,,,
135,31 oct 2022,20,9,13,2.333333333333333,14,9.0,4.0,6.0,1.0,6.0,11.0,5.0,7.0,1.3333333333333333,8.0,,,,,
136,1 nov 2022,27,11,15,3.8,18,8.0,2.0,3.0,2.5,5.0,19.0,9.0,12.0,1.3,13.0,,,,,
137,2 nov 2022,44,15,22,2.7666666666666666,25,36.0,11.0,18.0,1.2666666666666666,19.0,8.0,4.0,4.0,1.5,6.0,,,,,
138,3 nov 2022,14,4,9,3.0,9,8.0,1.0,4.0,2.0,4.0,6.0,3.0,5.0,1.0,5.0,,,,,
139,4 nov 2022,6,5,6,2.5,6,3.0,2.0,3.0,1.5,3.0,3.0,3.0,3.0,1.0,3.0,,,,,
140,5 nov 2022,4,3,4,2.5,4,3.0,2.0,3.0,1.5,3.0,1.0,1.0,1.0,1.0,1.0,,,,,
141,6 nov 2022,5,3,3,2.0,3,1.0,1.0,1.0,1.0,1.0,4.0,2.0,2.0,1.0,2.0,,,,,
142,7 nov 2022,29,12,14,2.325,15,21.0,5.0,6.0,1.2,6.0,8.0,7.0,8.0,1.125,9.0,,,,,
143,8 nov 2022,10,5,8,3.0,9,5.0,2.0,4.0,1.3333333333333333,4.0,5.0,3.0,4.0,1.6666666666666667,5.0,,,,,
144,9 nov 2022,44,24,28,2.548872180451128,33,36.0,18.0,21.0,1.263157894736842,24.0,8.0,6.0,7.0,1.2857142857142858,9.0,,,,,
145,10 nov 2022,17,6,11,3.2142857142857144,15,14.0,4.0,8.0,1.7142857142857142,12.0,3.0,2.0,3.0,1.5,3.0,,,,,
146,11 nov 2022,17,6,9,2.75,11,13.0,3.0,5.0,1.5,6.0,4.0,3.0,4.0,1.25,5.0,,,,,
147,12 nov 2022,11,8,9,2.166666666666667,10,4.0,3.0,3.0,1.0,3.0,7.0,5.0,6.0,1.1666666666666667,7.0,,,,,
148,13 nov 2022,6,2,5,2.0,6,6.0,2.0,5.0,2.0,6.0,,,,,,,,,,
149,14 nov 2022,17,12,13,2.3428571428571425,14,8.0,5.0,6.0,1.2,6.0,9.0,7.0,7.0,1.1428571428571428,8.0,,,,,
150,15 nov 2022,18,10,12,2.2,12,12.0,6.0,6.0,1.0,6.0,6.0,4.0,6.0,1.2,6.0,,,,,
151,16 nov 2022,25,12,14,2.8285714285714283,17,12.0,5.0,6.0,1.4,7.0,13.0,7.0,8.0,1.4285714285714286,10.0,,,,,
152,17 nov 2022,20,9,12,2.666666666666667,15,16.0,6.0,7.0,1.6666666666666667,10.0,4.0,3.0,5.0,1.0,5.0,,,,,
153,18 nov 2022,26,13,17,2.2,18,19.0,9.0,11.0,1.2,12.0,7.0,4.0,6.0,1.0,6.0,,,,,
154,19 nov 2022,25,13,14,2.083333333333333,15,23.0,12.0,12.0,1.0833333333333333,13.0,2.0,1.0,2.0,1.0,2.0,,,,,
155,20 nov 2022,12,8,8,2.0,8,10.0,7.0,7.0,1.0,7.0,2.0,1.0,1.0,1.0,1.0,,,,,
156,21 nov 2022,11,7,10,3.083333333333333,11,7.0,4.0,7.0,1.75,7.0,4.0,3.0,3.0,1.3333333333333333,4.0,,,,,
157,22 nov 2022,13,9,12,2.375,12,12.0,8.0,11.0,1.375,11.0,1.0,1.0,1.0,1.0,1.0,,,,,
158,23 nov 2022,64,24,26,2.4722222222222223,32,48.0,16.0,18.0,1.2222222222222223,22.0,16.0,8.0,8.0,1.25,10.0,,,,,
159,24 nov 2022,10,6,9,2.833333333333333,10,4.0,2.0,4.0,1.3333333333333333,4.0,6.0,4.0,5.0,1.5,6.0,,,,,
160,25 nov 2022,9,1,4,3.0,5,8.0,1.0,3.0,2.0,4.0,1.0,0.0,1.0,1.0,1.0,,,,,
161,26 nov 2022,25,17,18,2.2575757575757582,19,19.0,11.0,12.0,1.0909090909090908,12.0,6.0,6.0,6.0,1.1666666666666667,7.0,,,,,
162,27 nov 2022,2,0,2,,2,2.0,0.0,2.0,,2.0,,,,,,,,,,
163,28 nov 2022,22,7,10,4.0,11,11.0,2.0,5.0,3.0,6.0,11.0,5.0,5.0,1.0,5.0,,,,,
164,29 nov 2022,9,5,8,2.666666666666667,8,6.0,3.0,5.0,1.6666666666666667,5.0,3.0,2.0,3.0,1.0,3.0,,,,,
165,30 nov 2022,18,6,10,3.4,10,15.0,4.0,7.0,1.4,7.0,2.0,1.0,2.0,1.0,2.0,1.0,1.0,1.0,1.0,1.0
166,1 dic 2022,22,14,17,2.2666666666666666,18,9.0,5.0,7.0,1.1666666666666667,7.0,13.0,9.0,10.0,1.1,11.0,,,,,
167,2 dic 2022,3,2,3,1.0,3,,,,,,3.0,2.0,3.0,1.0,3.0,,,,,
168,3 dic 2022,9,5,5,2.0,5,5.0,3.0,3.0,1.0,3.0,4.0,2.0,2.0,1.0,2.0,,,,,
169,4 dic 2022,20,4,5,2.5,5,3.0,2.0,2.0,1.0,2.0,17.0,2.0,3.0,1.5,3.0,,,,,
170,5 dic 2022,11,7,8,2.0,8,3.0,2.0,2.0,1.0,2.0,8.0,5.0,6.0,1.0,6.0,,,,,
171,6 dic 2022,27,4,5,2.333333333333333,6,2.0,2.0,2.0,1.0,2.0,25.0,2.0,3.0,1.3333333333333333,4.0,,,,,
172,7 dic 2022,23,12,15,2.4285714285714293,17,12.0,7.0,7.0,1.0,7.0,11.0,5.0,8.0,1.4285714285714286,10.0,,,,,
173,8 dic 2022,10,7,9,2.5,9,7.0,6.0,6.0,1.0,6.0,3.0,1.0,3.0,1.5,3.0,,,,,
174,9 dic 2022,3,2,2,2.0,2,1.0,1.0,1.0,1.0,1.0,2.0,1.0,1.0,1.0,1.0,,,,,
175,10 dic 2022,7,7,7,2.0,7,2.0,2.0,2.0,1.0,2.0,5.0,5.0,5.0,1.0,5.0,,,,,
176,11 dic 2022,3,2,2,1.0,2,3.0,2.0,2.0,1.0,2.0,,,,,,,,,,
177,12 dic 2022,16,11,12,2.0,12,5.0,5.0,5.0,1.0,5.0,11.0,6.0,7.0,1.0,7.0,,,,,
178,13 dic 2022,6,4,6,1.0,6,,,,,,6.0,4.0,6.0,1.0,6.0,,,,,
179,14 dic 2022,6,5,5,2.0,5,3.0,2.0,2.0,1.0,2.0,3.0,3.0,3.0,1.0,3.0,,,,,
180,15 dic 2022,12,5,7,2.5,8,3.0,2.0,2.0,1.5,3.0,9.0,3.0,5.0,1.0,5.0,,,,,
181,16 dic 2022,9,5,6,2.333333333333333,7,4.0,3.0,3.0,1.0,3.0,5.0,2.0,3.0,1.3333333333333333,4.0,,,,,
182,17 dic 2022,5,4,4,2.0,4,4.0,3.0,3.0,1.0,3.0,1.0,1.0,1.0,1.0,1.0,,,,,
183,18 dic 2022,1,0,1,1.0,1,1.0,0.0,1.0,1.0,1.0,,,,,,,,,,
184,19 dic 2022,20,11,12,2.1111111111111107,13,3.0,3.0,3.0,1.0,3.0,17.0,8.0,9.0,1.1111111111111112,10.0,,,,,
185,20 dic 2022,5,3,3,1.0,3,5.0,3.0,3.0,1.0,3.0,,,,,,,,,,
186,21 dic 2022,4,2,2,2.0,2,1.0,1.0,1.0,1.0,1.0,3.0,1.0,1.0,1.0,1.0,,,,,
187,22 dic 2022,3,1,3,,4,2.0,0.0,1.0,,2.0,1.0,1.0,2.0,1.0,2.0,,,,,
188,23 dic 2022,3,2,3,3.0,3,2.0,1.0,2.0,2.0,2.0,1.0,1.0,1.0,1.0,1.0,,,,,
189,24 dic 2022,2,2,2,2.0,2,1.0,1.0,1.0,1.0,1.0,1.0,1.0,1.0,1.0,1.0,,,,,
190,25 dic 2022,4,3,4,2.5,4,3.0,2.0,3.0,1.5,3.0,1.0,1.0,1.0,1.0,1.0,,,,,
191,26 dic 2022,3,3,4,2.5,4,1.0,1.0,1.0,1.0,1.0,2.0,2.0,3.0,1.5,3.0,,,,,
192,27 dic 2022,3,2,3,3.0,3,2.0,1.0,2.0,2.0,2.0,,,,,,1.0,1.0,1.0,1.0,1.0
193,28 dic 2022,1,1,1,1.0,1,,,,,,1.0,1.0,1.0,1.0,1.0,,,,,
194,29 dic 2022,2,2,2,2.0,2,1.0,1.0,1.0,1.0,1.0,1.0,1.0,1.0,1.0,1.0,,,,,
195,30 dic 2022,4,4,5,,5,3.0,3.0,3.0,1.0,3.0,0.0,0.0,1.0,,1.0,1.0,1.0,1.0,1.0,1.0
196,31 dic 2022,2,2,2,2.0,2,1.0,1.0,1.0,1.0,1.0,1.0,1.0,1.0,1.0,1.0,,,,,
197,1 ene 2023,2,1,1,1.0,1,2.0,1.0,1.0,1.0,1.0,,,,,,,,,,
198,2 ene 2023,4,2,2,1.0,2,,,,,,4.0,2.0,2.0,1.0,2.0,,,,,
199,3 ene 2023,3,1,2,2.0,2,,,,,,3.0,1.0,2.0,2.0,2.0,,,,,
200,4 ene 2023,8,4,6,3.0,6,7.0,4.0,4.0,1.0,4.0,1.0,0.0,2.0,2.0,2.0,,,,,
201,5 ene 2023,2,2,2,2.0,2,1.0,1.0,1.0,1.0,1.0,1.0,1.0,1.0,1.0,1.0,,,,,
202,6 ene 2023,3,3,3,1.0,3,3.0,3.0,3.0,1.0,3.0,,,,,,,,,,
203,7 ene 2023,2,2,2,1.0,2,2.0,2.0,2.0,1.0,2.0,,,,,,,,,,
204,8 ene 2023,6,3,3,1.0,3,6.0,3.0,3.0,1.0,3.0,,,,,,,,,,
205,9 ene 2023,5,4,4,2.0,4,1.0,1.0,1.0,1.0,1.0,4.0,3.0,3.0,1.0,3.0,,,,,
206,10 ene 2023,1,1,1,1.0,1,,,,,,1.0,1.0,1.0,1.0,1.0,,,,,
207,11 ene 2023,1,1,1,1.0,1,,,,,,1.0,1.0,1.0,1.0,1.0,,,,,
208,13 ene 2023,6,3,3,1.6666666666666667,5,6.0,3.0,3.0,1.6666666666666667,5.0,,,,,,,,,,
209,14 ene 2023,3,3,3,2.0,3,2.0,2.0,2.0,1.0,2.0,1.0,1.0,1.0,1.0,1.0,,,,,
210,15 ene 2023,2,1,1,2.0,2,2.0,1.0,1.0,2.0,2.0,,,,,,,,,,
211,16 ene 2023,4,3,3,2.0,3,1.0,1.0,1.0,1.0,1.0,3.0,2.0,2.0,1.0,2.0,,,,,
212,17 ene 2023,2,1,1,1.0,1,,,,,,2.0,1.0,1.0,1.0,1.0,,,,,
213,18 ene 2023,3,1,2,1.0,2,,,,,,3.0,1.0,2.0,1.0,2.0,,,,,
214,19 ene 2023,1,1,1,1.0,1,,,,,,1.0,1.0,1.0,1.0,1.0,,,,,
215,20 ene 2023,3,3,3,1.0,3,3.0,3.0,3.0,1.0,3.0,,,,,,,,,,
216,21 ene 2023,6,5,6,2.0,6,4.0,3.0,4.0,1.0,4.0,2.0,2.0,2.0,1.0,2.0,,,,,
217,22 ene 2023,3,2,2,2.0,2,2.0,1.0,1.0,1.0,1.0,1.0,1.0,1.0,1.0,1.0,,,,,
218,23 ene 2023,1,1,1,1.0,1,,,,,,1.0,1.0,1.0,1.0,1.0,,,,,
219,24 ene 2023,5,5,5,2.0,5,4.0,4.0,4.0,1.0,4.0,1.0,1.0,1.0,1.0,1.0,,,,,
220,25 ene 2023,4,2,3,,3,1.0,0.0,1.0,,1.0,3.0,2.0,2.0,1.0,2.0,,,,,
221,26 ene 2023,5,3,4,2.0,4,3.0,2.0,2.0,1.0,2.0,2.0,1.0,2.0,1.0,2.0,,,,,
222,27 ene 2023,8,6,7,2.2,8,2.0,1.0,2.0,1.0,2.0,6.0,5.0,5.0,1.2,6.0,,,,,
223,28 ene 2023,2,1,1,1.0,1,2.0,1.0,1.0,1.0,1.0,,,,,,,,,,
224,29 ene 2023,2,1,2,1.0,2,2.0,1.0,2.0,1.0,2.0,,,,,,,,,,
225,30 ene 2023,9,5,5,2.0,5,6.0,3.0,3.0,1.0,3.0,3.0,2.0,2.0,1.0,2.0,,,,,
226,31 ene 2023,11,7,7,2.0,7,3.0,2.0,2.0,1.0,2.0,8.0,5.0,5.0,1.0,5.0,,,,,
227,1 feb 2023,1,1,1,1.0,1,,,,,,1.0,1.0,1.0,1.0,1.0,,,,,
228,2 feb 2023,8,4,7,2.666666666666667,7,2.0,2.0,2.0,1.0,2.0,6.0,2.0,5.0,1.6666666666666667,5.0,,,,,
229,3 feb 2023,8,5,8,2.666666666666667,8,3.0,3.0,3.0,1.0,3.0,5.0,2.0,5.0,1.6666666666666667,5.0,,,,,
230,4 feb 2023,5,3,5,1.25,5,5.0,3.0,5.0,1.25,5.0,,,,,,,,,,
231,5 feb 2023,2,2,2,2.0,2,1.0,1.0,1.0,1.0,1.0,1.0,1.0,1.0,1.0,1.0,,,,,
232,6 feb 2023,10,5,8,2.25,9,5.0,2.0,4.0,1.0,4.0,5.0,3.0,4.0,1.25,5.0,,,,,
233,7 feb 2023,17,5,5,2.5,6,13.0,3.0,3.0,1.0,3.0,4.0,2.0,2.0,1.5,3.0,,,,,
234,8 feb 2023,9,4,6,2.333333333333333,7,4.0,3.0,3.0,1.3333333333333333,4.0,5.0,1.0,3.0,1.0,3.0,,,,,
235,9 feb 2023,8,4,6,2.5,6,3.0,2.0,3.0,1.5,3.0,5.0,2.0,3.0,1.0,3.0,,,,,
236,10 feb 2023,8,2,3,,4,2.0,0.0,1.0,,2.0,6.0,2.0,2.0,1.0,2.0,,,,,
237,11 feb 2023,4,3,3,1.0,3,,,,,,4.0,3.0,3.0,1.0,3.0,,,,,
238,12 feb 2023,8,4,5,2.25,6,1.0,1.0,1.0,1.0,1.0,7.0,3.0,4.0,1.25,5.0,,,,,
239,13 feb 2023,10,4,6,2.75,8,1.0,1.0,1.0,1.0,1.0,9.0,3.0,5.0,1.75,7.0,,,,,
240,14 feb 2023,21,5,7,2.0,7,2.0,1.0,1.0,1.0,1.0,19.0,4.0,6.0,1.0,6.0,,,,,
241,15 feb 2023,13,4,6,2.25,7,2.0,1.0,2.0,1.0,2.0,11.0,3.0,4.0,1.25,5.0,,,,,
242,16 feb 2023,16,5,7,2.166666666666667,8,1.0,1.0,1.0,1.0,1.0,15.0,4.0,6.0,1.1666666666666667,7.0,,,,,
243,17 feb 2023,29,17,22,2.5545454545454547,27,11.0,10.0,11.0,1.1,11.0,18.0,7.0,11.0,1.4545454545454546,16.0,,,,,
244,18 feb 2023,1,1,1,1.0,1,,,,,,1.0,1.0,1.0,1.0,1.0,,,,,
245,19 feb 2023,1,1,1,1.0,1,1.0,1.0,1.0,1.0,1.0,,,,,,,,,,
246,20 feb 2023,3,3,3,1.0,3,3.0,3.0,3.0,1.0,3.0,,,,,,,,,,
247,21 feb 2023,4,4,4,2.0,4,3.0,3.0,3.0,1.0,3.0,1.0,1.0,1.0,1.0,1.0,,,,,
248,22 feb 2023,11,9,10,2.0,10,4.0,4.0,4.0,1.0,4.0,7.0,5.0,6.0,1.0,6.0,,,,,
249,23 feb 2023,12,10,10,2.625,12,10.0,8.0,8.0,1.125,9.0,2.0,2.0,2.0,1.5,3.0,,,,,
250,24 feb 2023,7,6,6,2.0,6,6.0,5.0,5.0,1.0,5.0,1.0,1.0,1.0,1.0,1.0,,,,,
251,25 feb 2023,13,10,11,2.166666666666667,11,7.0,6.0,7.0,1.1666666666666667,7.0,6.0,4.0,4.0,1.0,4.0,,,,,
252,26 feb 2023,14,7,9,2.833333333333333,12,12.0,6.0,8.0,1.8333333333333333,11.0,2.0,1.0,1.0,1.0,1.0,,,,,
253,27 feb 2023,30,19,25,2.3636363636363638,27,17.0,9.0,13.0,1.3636363636363635,15.0,13.0,10.0,12.0,1.0,12.0,,,,,
254,28 feb 2023,41,17,22,3.3809523809523814,25,25.0,11.0,15.0,1.2142857142857142,17.0,15.0,5.0,6.0,1.1666666666666667,7.0,1.0,1.0,1.0,1.0,1.0
255,1 mar 2023,43,19,24,2.8088235294117645,25,35.0,16.0,18.0,1.0588235294117647,18.0,8.0,3.0,6.0,1.75,7.0,,,,,
256,2 mar 2023,39,22,27,3.507692307692308,31,24.0,12.0,14.0,1.3076923076923077,17.0,13.0,8.0,11.0,1.2,12.0,2.0,2.0,2.0,1.0,2.0
257,3 mar 2023,39,11,15,2.291666666666667,16,11.0,7.0,9.0,1.125,9.0,28.0,4.0,6.0,1.1666666666666667,7.0,,,,,
258,4 mar 2023,11,6,6,2.0,6,10.0,5.0,5.0,1.0,5.0,1.0,1.0,1.0,1.0,1.0,,,,,
259,5 mar 2023,16,7,11,3.5,12,6.0,3.0,6.0,2.0,6.0,10.0,4.0,5.0,1.5,6.0,,,,,
260,6 mar 2023,31,18,20,2.5584415584415585,23,19.0,11.0,12.0,1.2727272727272727,14.0,12.0,7.0,8.0,1.2857142857142858,9.0,,,,,
261,7 mar 2023,19,10,15,2.142857142857143,16,10.0,5.0,8.0,1.0,8.0,9.0,5.0,7.0,1.1428571428571428,8.0,,,,,
262,8 mar 2023,29,13,16,2.3888888888888893,18,16.0,9.0,10.0,1.2222222222222223,11.0,13.0,4.0,6.0,1.1666666666666667,7.0,,,,,
263,9 mar 2023,12,6,12,3.0,12,7.0,3.0,7.0,1.75,7.0,5.0,3.0,5.0,1.25,5.0,,,,,
264,10 mar 2023,25,14,18,3.2539682539682535,19,12.0,7.0,10.0,1.1111111111111112,10.0,12.0,6.0,7.0,1.1428571428571428,8.0,1.0,1.0,1.0,1.0,1.0
265,11 mar 2023,11,5,5,2.5,6,5.0,3.0,3.0,1.0,3.0,6.0,2.0,2.0,1.5,3.0,,,,,
266,12 mar 2023,8,6,6,3.0,7,5.0,5.0,5.0,1.0,5.0,3.0,1.0,1.0,2.0,2.0,,,,,
267,13 mar 2023,20,9,12,2.2857142857142856,14,7.0,5.0,5.0,1.0,5.0,13.0,4.0,7.0,1.2857142857142858,9.0,,,,,
268,14 mar 2023,17,7,10,4.333333333333333,13,10.0,3.0,5.0,1.0,5.0,6.0,3.0,4.0,2.333333333333333,7.0,1.0,1.0,1.0,1.0,1.0
269,15 mar 2023,49,23,27,3.3205128205128203,30,27.0,12.0,13.0,1.1538461538461535,15.0,20.0,10.0,13.0,1.1666666666666667,14.0,2.0,1.0,1.0,1.0,1.0
270,16 mar 2023,36,14,23,2.2588235294117647,24,27.0,11.0,17.0,1.0588235294117647,18.0,9.0,3.0,6.0,1.2,6.0,,,,,
271,17 mar 2023,24,7,14,3.1,15,7.0,0.0,4.0,2.0,4.0,17.0,7.0,10.0,1.1,11.0,,,,,
272,18 mar 2023,29,14,17,2.2,18,18.0,8.0,11.0,1.2,12.0,11.0,6.0,6.0,1.0,6.0,,,,,
273,19 mar 2023,13,9,10,3.0,10,10.0,6.0,7.0,1.0,7.0,2.0,2.0,2.0,1.0,2.0,1.0,1.0,1.0,1.0,1.0
274,20 mar 2023,30,16,22,2.5,25,17.0,8.0,11.0,1.2,12.0,13.0,8.0,11.0,1.3,13.0,,,,,
275,21 mar 2023,27,15,18,2.333333333333333,19,24.0,14.0,15.0,1.0,15.0,3.0,1.0,3.0,1.3333333333333333,4.0,,,,,
276,22 mar 2023,24,12,16,2.791666666666667,20,13.0,6.0,6.0,1.1666666666666667,7.0,11.0,6.0,10.0,1.625,13.0,,,,,
277,23 mar 2023,20,13,15,2.311111111111111,16,12.0,8.0,9.0,1.1111111111111112,10.0,8.0,5.0,6.0,1.2,6.0,,,,,
278,24 mar 2023,5,5,5,2.0,5,4.0,4.0,4.0,1.0,4.0,1.0,1.0,1.0,1.0,1.0,,,,,
279,25 mar 2023,10,9,10,2.0,10,8.0,7.0,8.0,1.0,8.0,2.0,2.0,2.0,1.0,2.0,,,,,
280,26 mar 2023,14,12,14,3.111111111111111,14,10.0,8.0,10.0,1.1111111111111112,10.0,3.0,3.0,3.0,1.0,3.0,1.0,1.0,1.0,1.0,1.0
281,27 mar 2023,9,8,9,2.5,9,6.0,6.0,6.0,1.0,6.0,3.0,2.0,3.0,1.5,3.0,,,,,
282,28 mar 2023,18,10,14,3.166666666666667,14,10.0,5.0,6.0,1.0,6.0,7.0,4.0,7.0,1.1666666666666667,7.0,1.0,1.0,1.0,1.0,1.0
283,29 mar 2023,27,13,17,2.2222222222222223,17,14.0,7.0,11.0,1.2222222222222223,11.0,13.0,6.0,6.0,1.0,6.0,,,,,
284,30 mar 2023,19,13,19,2.25,19,10.0,5.0,10.0,1.25,10.0,9.0,8.0,9.0,1.0,9.0,,,,,
285,31 mar 2023,99,8,15,2.55,18,43.0,6.0,11.0,1.3,13.0,56.0,2.0,4.0,1.25,5.0,,,,,
286,1 abr 2023,22,8,9,2.0,9,5.0,2.0,3.0,1.0,3.0,17.0,6.0,6.0,1.0,6.0,,,,,
287,2 abr 2023,15,11,13,3.2222222222222223,13,13.0,9.0,11.0,1.2222222222222223,11.0,1.0,1.0,1.0,1.0,1.0,1.0,1.0,1.0,1.0,1.0
288,3 abr 2023,23,10,12,2.6,13,15.0,5.0,7.0,1.6,8.0,8.0,5.0,5.0,1.0,5.0,,,,,
289,4 abr 2023,30,15,17,3.0,17,17.0,9.0,9.0,1.0,9.0,11.0,5.0,7.0,1.0,7.0,2.0,1.0,1.0,1.0,1.0
290,5 abr 2023,13,11,13,2.0,13,9.0,8.0,9.0,1.0,9.0,4.0,3.0,4.0,1.0,4.0,,,,,
291,6 abr 2023,10,6,6,2.0,6,3.0,3.0,3.0,1.0,3.0,7.0,3.0,3.0,1.0,3.0,,,,,
292,7 abr 2023,9,6,6,2.0,6,1.0,1.0,1.0,1.0,1.0,8.0,5.0,5.0,1.0,5.0,,,,,
293,8 abr 2023,13,10,12,2.333333333333333,13,5.0,5.0,5.0,1.0,5.0,8.0,5.0,7.0,1.3333333333333333,8.0,,,,,
294,9 abr 2023,19,2,3,2.0,3,12.0,1.0,2.0,1.0,2.0,7.0,1.0,1.0,1.0,1.0,,,,,
295,10 abr 2023,5,4,4,2.0,4,1.0,1.0,1.0,1.0,1.0,4.0,3.0,3.0,1.0,3.0,,,,,
296,11 abr 2023,6,5,8,2.5,8,2.0,2.0,2.0,1.0,2.0,4.0,3.0,6.0,1.5,6.0,,,,,
297,12 abr 2023,58,28,35,2.6630036630036638,43,32.0,17.0,21.0,1.0476190476190477,22.0,26.0,11.0,14.0,1.6153846153846154,21.0,,,,,
298,13 abr 2023,30,13,17,2.2666666666666666,18,24.0,8.0,11.0,1.1,11.0,6.0,5.0,6.0,1.1666666666666667,7.0,,,,,
299,14 abr 2023,18,9,16,2.3888888888888893,18,9.0,6.0,6.0,1.1666666666666667,7.0,9.0,3.0,10.0,1.2222222222222223,11.0,,,,,
300,15 abr 2023,10,4,6,2.0,6,8.0,4.0,4.0,1.0,4.0,2.0,0.0,2.0,1.0,2.0,,,,,
301,16 abr 2023,17,12,14,2.0,14,15.0,10.0,11.0,1.0,11.0,2.0,2.0,3.0,1.0,3.0,,,,,
302,17 abr 2023,22,14,16,3.375,17,15.0,8.0,10.0,1.375,11.0,6.0,5.0,5.0,1.0,5.0,1.0,1.0,1.0,1.0,1.0
303,18 abr 2023,23,11,12,2.0,12,20.0,8.0,9.0,1.0,9.0,3.0,3.0,3.0,1.0,3.0,,,,,
304,19 abr 2023,22,14,15,2.2,15,10.0,5.0,6.0,1.2,6.0,12.0,9.0,9.0,1.0,9.0,,,,,
305,20 abr 2023,41,9,14,2.4,17,3.0,3.0,3.0,1.0,3.0,38.0,6.0,11.0,1.4,14.0,,,,,
306,21 abr 2023,27,6,8,2.9,10,9.0,5.0,6.0,1.4,7.0,18.0,1.0,2.0,1.5,3.0,,,,,
307,22 abr 2023,40,10,11,3.666666666666667,13,13.0,6.0,7.0,1.0,7.0,26.0,3.0,3.0,1.6666666666666667,5.0,1.0,1.0,1.0,1.0,1.0
308,23 abr 2023,51,13,17,2.5972222222222223,22,13.0,7.0,9.0,1.2222222222222223,11.0,38.0,6.0,8.0,1.375,11.0,,,,,
309,24 abr 2023,27,12,18,2.8035714285714293,21,15.0,7.0,9.0,1.4285714285714286,10.0,12.0,5.0,9.0,1.375,11.0,,,,,
310,25 abr 2023,11,8,9,5.0,11,8.0,7.0,7.0,1.0,7.0,3.0,1.0,2.0,4.0,4.0,,,,,
311,26 abr 2023,41,11,16,2.583333333333333,18,28.0,4.0,7.0,1.3333333333333333,8.0,13.0,7.0,9.0,1.25,10.0,,,,,
312,27 abr 2023,89,27,32,2.517094017094017,38,26.0,17.0,19.0,1.0555555555555556,19.0,63.0,10.0,13.0,1.4615384615384617,19.0,,,,,
313,28 abr 2023,27,9,14,3.0,18,16.0,5.0,6.0,1.1666666666666667,7.0,11.0,4.0,8.0,1.8333333333333333,11.0,,,,,
314,29 abr 2023,42,17,22,3.2307692307692313,30,30.0,11.0,13.0,1.2307692307692308,16.0,12.0,6.0,9.0,2.0,14.0,,,,,
315,30 abr 2023,31,6,12,4.0,16,16.0,5.0,9.0,2.0,12.0,15.0,1.0,3.0,2.0,4.0,,,,,
316,1 may 2023,14,3,6,2.833333333333333,7,11.0,2.0,3.0,1.3333333333333333,4.0,3.0,1.0,3.0,1.5,3.0,,,,,
317,2 may 2023,64,23,29,2.9673202614379086,38,41.0,14.0,19.0,1.4117647058823528,24.0,23.0,9.0,10.0,1.5555555555555556,14.0,,,,,
318,3 may 2023,108,32,47,3.2211538461538467,65,64.0,22.0,28.0,1.3461538461538465,35.0,44.0,10.0,19.0,1.875,30.0,,,,,
319,4 may 2023,87,24,41,3.583333333333333,56,70.0,19.0,30.0,1.7083333333333333,41.0,17.0,5.0,11.0,1.875,15.0,,,,,
320,5 may 2023,43,8,23,3.666666666666667,29,20.0,5.0,14.0,1.6666666666666667,15.0,23.0,3.0,9.0,2.0,14.0,,,,,
321,6 may 2023,94,32,39,2.64039408866995,42,66.0,27.0,30.0,1.0689655172413792,31.0,28.0,5.0,9.0,1.5714285714285714,11.0,,,,,
322,7 may 2023,37,13,21,4.000000000000001,28,21.0,6.0,13.0,2.5714285714285716,18.0,16.0,7.0,8.0,1.4285714285714286,10.0,,,,,
323,8 may 2023,67,25,34,3.3475935828877,46,44.0,15.0,19.0,1.5294117647058822,26.0,23.0,10.0,15.0,1.8181818181818181,20.0,,,,,
324,9 may 2023,54,28,41,4.116883116883118,52,35.0,22.0,29.0,1.5454545454545454,34.0,19.0,6.0,12.0,2.5714285714285716,18.0,,,,,
325,10 may 2023,76,29,42,2.7446153846153845,52,54.0,21.0,28.0,1.36,34.0,22.0,8.0,14.0,1.3846153846153846,18.0,,,,,
326,11 may 2023,85,29,46,4.029761904761905,58,49.0,21.0,30.0,1.4583333333333333,35.0,35.0,8.0,15.0,1.5714285714285714,22.0,1.0,0.0,1.0,1.0,1.0
327,12 may 2023,56,15,30,3.925,44,37.0,9.0,19.0,1.8,27.0,19.0,6.0,11.0,2.125,17.0,,,,,
328,13 may 2023,100,37,49,3.375,66,77.0,32.0,39.0,1.5,51.0,23.0,5.0,10.0,1.875,15.0,,,,,
329,14 may 2023,38,14,26,3.7058823529411766,32,33.0,12.0,23.0,1.7058823529411764,29.0,4.0,1.0,2.0,1.0,2.0,1.0,1.0,1.0,1.0,1.0
330,15 may 2023,36,12,26,4.041666666666667,34,20.0,7.0,13.0,1.6666666666666667,15.0,16.0,5.0,13.0,2.375,19.0,,,,,
